Country Name,Country Code,Indicator Name,Indicator Code,1960,1961,1962,1963,1964,1965,1966,1967,1968,1969,1970,1971,1972,1973,1974,1975,1976,1977,1978,1979,1980,1981,1982,1983,1984,1985,1986,1987,1988,1989,1990,1991,1992,1993,1994,1995,1996,1997,1998,1999,2000,2001,2002,2003,2004,2005,2006,2007,2008,2009,2010,2011,2012,2013,2014,2015,2016,2017,2018,2019,2020,2021,2022,2023
Aruba,ABW,Access to electricity (% of population),EG.ELC.ACCS.ZS,,,,,,,,,,,,,,,,,,,,,,,,,,,,,,,100,99.15365601,99.1971283,99.23991394,100,100,100,100,100,100,91.660398,100,100,100,100,100,100,100,100,100,93.35629215,100,100,100,100,100,100,100,100,100,100,100,,
Africa Eastern and Southern,AFE,Access to electricity (% of population),EG.ELC.ACCS.ZS,,,,,,,,,,,,,,,,,,,,,,,,,,,,,,,,,,,,,,,,,19.95730162,19.97536468,21.57650001,22.52926483,23.74953137,23.49301278,25.19122064,26.80793711,25.94331608,26.19389521,27.40011023,28.91434832,31.66692787,31.69518347,31.85925734,33.90351465,38.85144389,40.19733187,43.02833222,44.38977283,46.26862057,48.10360869,,
Afghanistan,AFG,Access to electricity (% of population),EG.ELC.ACCS.ZS,,,,,,,,,,,,,,,,,,,,,,,,,,,,,,,,,,,,,,,,,4.446890831,9.294527054,14.13361645,18.9711647,23.81418228,28.66967201,33.54441833,38.44000244,42.4,48.27900696,42.7,43.22201891,69.1,68.0408783,89.5,71.5,97.7,97.7,93.43087769,97.7,97.7,97.7,,
Africa Western and Central,AFW,Access to electricity (% of population),EG.ELC.ACCS.ZS,,,,,,,,,,,,,,,,,,,,,,,,,,,,,,,,,,31.57513035,32.6096922,33.60566797,32.62932224,32.46179668,33.45862992,34.81042847,34.13797075,35.23269081,35.72292588,39.82458858,37.49305796,37.79216332,39.81881926,40.76434547,41.74115187,41.87104254,41.83930899,45.91103595,44.05369963,47.0519898,47.64740547,46.75894823,50.90310823,48.78764024,51.21286273,51.16081703,51.73438797,54.22418732,,
Angola,AGO,Access to electricity (% of population),EG.ELC.ACCS.ZS,,,,,,,,,,,,,,,,,,,,,,,,,,,,,,,,,,,,,,,,,24.2388649,20,26.32025528,27.35513687,28.39548492,29.44830894,30.52038765,37.5,38.49,33.84697723,34.98005295,34.6,37.25949097,38.3981781,32,42,41.78503418,42.90624237,45.29,45.63388062,46.95544434,48.22385406,,
Albania,ALB,Access to electricity (% of population),EG.ELC.ACCS.ZS,,,,,,,,,,,,,,,,,,,,,,,,,,,,,,,100,100,100,100,100,100,100,100,100,100,99.4308548,99.42198944,99.40457916,99.38562775,99.37213898,99.37112427,99.38936615,99.42845154,100,99.55445099,99.64420319,99.71864319,99.9,99.89031219,99.95,99.98,99.89,99.89,100,100,100,100,,
Andorra,AND,Access to electricity (% of population),EG.ELC.ACCS.ZS,,,,,,,,,,,,,,,,,,,,,,,,,,,,,,,100,100,100,100,100,100,100,100,100,100,100,100,100,100,100,100,100,100,100,100,100,100,100,100,100,100,100,100,100,100,100,100,,
Arab World,ARB,Access to electricity (% of population),EG.ELC.ACCS.ZS,,,,,,,,,,,,,,,,,,,,,,,,,,,,,,,,,,,,,76.96432583,77.6235207,78.52140883,79.11231964,81.10885149,81.93622292,81.90401869,82.88821871,82.8302878,83.5904598,85.81586844,84.15250124,83.83835947,84.73583825,87.482231,87.71956908,87.40250163,89.34070478,88.83227593,89.05385159,89.53901606,90.66275374,89.17693883,90.35280229,90.63505001,90.84566129,,
United Arab Emirates,ARE,Access to electricity (% of population),EG.ELC.ACCS.ZS,,,,,,,,,,,,,,,,,,,,,,,,,,,,,,,100,100,100,100,100,100,100,100,100,100,100,100,100,100,100,100,100,100,100,100,100,100,100,100,100,100,100,100,100,100,100,100,,
Argentina,ARG,Access to electricity (% of population),EG.ELC.ACCS.ZS,,,,,,,,,,,,,,,,,,,,,,,,,,,,,,,92.15480042,92.4921875,92.82945251,93.16604614,93.50127411,93.83446503,94.16493988,94.49201202,94.81500244,95.13315582,95.68047333,95.51106347,96.09600067,96.29795074,96.50537109,96.7252655,96.96440887,97.22439575,97.50160217,97.79220581,98.82,99.0342865,99.14379883,99.28577423,100,99.68903351,99.89974213,100,99.99373627,100,100,100,,
Armenia,ARM,Access to electricity (% of population),EG.ELC.ACCS.ZS,,,,,,,,,,,,,,,,,,,,,,,,,,,,,,,,,,,,,,,,,98.9,100,98,99.10691071,99.09443665,99.8,99.11369324,99.15378571,99.21111298,99.28181458,99.8,99.49461365,99.53586578,99.42,99.71,100,99.8,99.7,99.9,100,100,100,,
American Samoa,ASM,Access to electricity (% of population),EG.ELC.ACCS.ZS,,,,,,,,,,,,,,,,,,,,,,,,,,,,,,,,,,,,,,,,,,,,,,,,,,,,,,,,,,,,,,,,
Antigua and Barbuda,ATG,Access to electricity (% of population),EG.ELC.ACCS.ZS,,,,,,,,,,,,,,,,,,,,,,,,,,,,,,,95.76304626,95.94065094,96.11813354,96.29494476,96.47039032,96.64379883,96.81448364,96.98177338,97.14498138,97.30335236,97.67312622,97.74580383,100,97.87252045,97.94057465,92.2,100,100,100,98.53059387,98.69137573,94.55201403,100,100,100,100,100,100,100,100,100,100,,
Australia,AUS,Access to electricity (% of population),EG.ELC.ACCS.ZS,,,,,,,,,,,,,,,,,,,,,,,,,,,,,,,100,100,100,100,100,100,100,100,100,100,100,100,100,100,100,100,100,100,100,100,100,100,100,100,100,100,100,100,100,100,100,100,,
Austria,AUT,Access to electricity (% of population),EG.ELC.ACCS.ZS,,,,,,,,,,,,,,,,,,,,,,,,,,,,,,,100,100,100,100,100,100,100,100,100,100,100,100,100,100,100,100,100,100,100,100,100,100,100,100,100,100,100,100,100,100,100,100,,
Azerbaijan,AZE,Access to electricity (% of population),EG.ELC.ACCS.ZS,,,,,,,,,,,,,,,,,,,,,,,,,,,,,,,,,,,,,,,,97,98.90822245,98.59799957,100,98.84778595,98.97737885,99.11943817,99.5,99.46292114,99.66230011,99.87506866,99.94766235,99.9,100,100,100,100,100,100,100,100,100,100,,
Burundi,BDI,Access to electricity (% of population),EG.ELC.ACCS.ZS,,,,,,,,,,,,,,,,,,,,,,,,,,,,,,,,,,,,,,,3.9,2.070949316,2.538277864,2.832107544,3.117390394,3.401133537,3.690343857,3.207317073,2.66,4.654745102,4.8,5.386138916,5.3,6.155723095,6.5,6.9,7,7.890114784,8.477998734,9.3,9.509292603,9.839400291,9.1,10.23382759,,
Belgium,BEL,Access to electricity (% of population),EG.ELC.ACCS.ZS,,,,,,,,,,,,,,,,,,,,,,,,,,,,,,,100,100,100,100,100,100,100,100,100,100,100,100,100,100,100,100,100,100,100,100,100,100,100,100,100,100,100,100,100,100,100,100,,
Benin,BEN,Access to electricity (% of population),EG.ELC.ACCS.ZS,,,,,,,,,,,,,,,,,,,,,,,,,,,,,,,,,,,,,14.5,18.58962631,19.5782547,20.56204224,21.53433037,21.9,23.35894203,24.26543617,25.17739677,26.10182953,27.9,28.01004791,28.99180031,29.98694038,34.2,36.9,38.4,34.6536293,34.1,29.62,37.02627563,34.5,39.0094223,39.99809265,40.9859314,41.97363281,,
Burkina Faso,BFA,Access to electricity (% of population),EG.ELC.ACCS.ZS,,,,,,,,,,,,,,,,,,,,,,,,,,,,,,,,,,6.1,6.125010014,6.625332832,7.122936249,7.617139816,8.107264519,6.9,9.101531029,9.513817787,9.917557716,11.4,10.72742558,11.14756775,11.58696365,12.04719925,12.52466011,12.63,13.1,14.77559948,15.06582069,15.38851357,19.2,16.15320015,16.56739616,17.01332092,14.4,17.6,18.46727943,18.95068741,,
Bangladesh,BGD,Access to electricity (% of population),EG.ELC.ACCS.ZS,,,,,,,,,,,,,,,,,,,,,,,,,,,,,,,,14.29,9.90541935,12.71788025,17.8,18.33804512,21.14438629,22.4,26.74619293,29.54021454,32,35.03246689,37.7541275,40.47424698,40.6,44.23,50.52510246,46.5,54.26874542,57.07751465,55.26,59.6,65.54574585,61.5,62.4,74.00247192,75.92,88,86.9152832,92.2,96.2,98.99102783,,
Bulgaria,BGR,Access to electricity (% of population),EG.ELC.ACCS.ZS,,,,,,,,,,,,,,,,,,,,,,,,,,,,,,,100,100,100,100,100,100,100,100,100,100,88.09195709,88.60476685,89.10902405,89.61174774,90.11994171,90.64060974,91.18052673,91.74128723,92.31926727,92.91064453,93.51155853,94.11818695,94.72668457,95.33320618,95.93470764,96.58468628,97.33782959,98.06486511,98.69963837,99.19500732,99.7,99.8,,
Bahrain,BHR,Access to electricity (% of population),EG.ELC.ACCS.ZS,,,,,,,,,,,,,,,,,,,,,,,,,,,,,,,99.94139862,99.96739197,99.98718262,99.99713898,99.99977112,100,100,100,100,100,100,100,100,100,100,100,100,100,100,100,100,100,100,100,100,100,100,100,100,100,100,100,,
"Bahamas, The",BHS,Access to electricity (% of population),EG.ELC.ACCS.ZS,,,,,,,,,,,,,,,,,,,,,,,,,,,,,,,100,100,100,100,100,100,100,100,100,100,100,100,100,100,100,100,100,100,100,100,100,100,100,100,100,100,100,100,100,100,100,100,,
Bosnia and Herzegovina,BIH,Access to electricity (% of population),EG.ELC.ACCS.ZS,,,,,,,,,,,,,,,,,,,,,,,,,,,,,,,100,100,100,100,100,100,100,100,100,100,98.99918365,99.4,98.5,99.04157257,99.05728912,99.08548737,99.38727699,99.7,99.28674316,99.38564301,99.49408722,99.70578055,99.72427368,99.5,99.92260742,99.7,99.99671173,100,100,100,100,100,,
Belarus,BLR,Access to electricity (% of population),EG.ELC.ACCS.ZS,,,,,,,,,,,,,,,,,,,,,,,,,,,,,,,100,100,100,100,100,100,100,100,100,100,88.99837494,89.50689697,90.00686646,90.50530243,91.00920105,91.52557373,92.061203,92.61767578,93.1913681,93.77845001,94.37507629,94.97740936,95.58161926,96.18385315,96.78105927,97.37328339,98.0430069,98.74201202,99.34876251,100,100,100,,
Belize,BLZ,Access to electricity (% of population),EG.ELC.ACCS.ZS,,,,,,,,,,,,,,,,,,,,,,,,,,,,,,,,67,72.22491455,73.12332916,74.02038574,74.91539764,75.80769348,76.69658661,77.58140564,78.46138,79,80.23301697,81.03787231,81.84118652,82.64996338,83.47122192,90.98853086,85.17308044,86.051651,86.94361115,89.91722437,91.68173599,90.92204285,91.13336182,91.47062683,91.8,93.26068878,94.15032959,91.72,92.72,96.80762482,97.6921463,,
Bermuda,BMU,Access to electricity (% of population),EG.ELC.ACCS.ZS,,,,,,,,,,,,,,,,,,,,,,,,,,,,,,,100,100,100,100,100,100,100,100,100,100,100,100,100,100,100,100,100,100,100,100,100,100,100,100,100,100,100,100,100,100,100,100,,
Bolivia,BOL,Access to electricity (% of population),EG.ELC.ACCS.ZS,,,,,,,,,,,,,,,,,,,,,,,,,,,,,,,,,60.0279007,61.38402939,64.1,64.09152985,71,67.330431,71.2,70.929888,69.963045,69.258539,63.996855,72.3,75.86585236,68.288209,76.211281,80.156567,84.674991,86.765597,87.95241547,88.335943,90.387375,89.505686,90.038729,91.522822,91.8,91.8,92.8,95.08,97.22181702,98.55622864,,
Brazil,BRA,Access to electricity (% of population),EG.ELC.ACCS.ZS,,,,,,,,,,,,,,,,,,,,,,,,,,,,,,,87.475116,90.60654449,88.803833,89.999927,91.88372803,91.728598,92.867095,93.354139,94.193812,94.76296,94.43141174,96.016528,96.652996,96.980098,96.765107,97.093513,97.594314,98.125382,98.526625,98.856938,98.6,99.328691,99.519494,99.575151,99.650247,99.710902,99.7,99.8,99.7,99.8,99.70271301,99.46212006,,
Barbados,BRB,Access to electricity (% of population),EG.ELC.ACCS.ZS,,,,,,,,,,,,,,,,,,,,,,,,,,,,,,,99.98425293,99.99343872,99.99868774,100,100,100,100,100,100,100,100,99.99906158,100,99.96649933,99.92389679,99.86960602,100,100,100,100,100,100,100,100,100,100,100,100,100,100,100,100,,
Brunei Darussalam,BRN,Access to electricity (% of population),EG.ELC.ACCS.ZS,,,,,,,,,,,,,,,,,,,,,,,,,,,,,,,100,100,100,100,100,100,100,100,100,100,100,100,100,100,100,100,100,100,100,100,100,100,100,100,100,100,100,100,100,100,100,100,,
Bhutan,BTN,Access to electricity (% of population),EG.ELC.ACCS.ZS,,,,,,,,,,,,,,,,,,,,,,,,,,,,,,,,,,,,,,,,,31.15,40.24427795,44.1191864,41.1,51.8713913,59.80811164,59.67326355,71.8,67.55329895,71.51531219,73.28291087,81.78115845,91.5,87.42046356,91.39260101,95.3597641,99.32277679,97.7,99.95767212,100,100,100,,
Botswana,BWA,Access to electricity (% of population),EG.ELC.ACCS.ZS,,,,,,,,,,,,,,,,,,,,,,,,,,,,,,,,10.1,9.398226738,11.64207649,13.88456631,16.12501717,18.36274719,20.59707832,22.82732964,25.0527401,26.51616287,24.8,27,33.07161713,35.25836182,37.45757675,39.67604828,41.9153595,44.5,43.36,52.0336113,53.24,55.96567535,57.97229767,60.0222435,62.13,64.20296478,67.4,68.25473785,70.09508514,71.82912445,73.72590637,,
Central African Republic,CAF,Access to electricity (% of population),EG.ELC.ACCS.ZS,,,,,,,,,,,,,,,,,,,,,,,,,,,,,,,,,,,,3,3.334915638,3.830210209,4.321425438,4.807798386,6,5.706449986,6.132954121,6.557918549,6.988349915,7.431255341,7.805169325,8.376415253,7.48,9.39025116,9.8,10.44227791,10.97301579,11.50178242,12.03670597,12.71299076,13.40480328,14.070508,14.64395523,14.3,15.40571308,15.68027687,,
Canada,CAN,Access to electricity (% of population),EG.ELC.ACCS.ZS,,,,,,,,,,,,,,,,,,,,,,,,,,,,,,,100,100,100,100,100,100,100,100,100,100,100,100,100,100,100,100,100,100,100,100,100,100,100,100,100,100,100,100,100,100,100,100,,
Central Europe and the Baltics,CEB,Access to electricity (% of population),EG.ELC.ACCS.ZS,,,,,,,,,,,,,,,,,,,,,,,,,,,,,,,100,100,100,100,100,100,100,100,100,100,97.92606814,98.02754914,98.12439946,98.19392386,98.25504793,98.32062475,98.40666085,98.52985228,98.65500521,98.85338889,98.96421534,99.0760818,99.19475948,99.30547491,99.41363699,99.52488372,99.64359654,99.86672278,99.87722942,99.94516097,99.97873987,99.98643619,,
Switzerland,CHE,Access to electricity (% of population),EG.ELC.ACCS.ZS,,,,,,,,,,,,,,,,,,,,,,,,,,,,,,,100,100,100,100,100,100,100,100,100,100,100,100,100,100,100,100,100,100,100,100,100,100,100,100,100,100,100,100,100,100,100,100,,
Channel Islands,CHI,Access to electricity (% of population),EG.ELC.ACCS.ZS,,,,,,,,,,,,,,,,,,,,,,,,,,,,,,,100,100,100,100,100,100,100,100,100,100,100,100,100,100,100,100,100,100,100,100,100,100,100,100,100,100,100,100,100,100,100,100,,
Chile,CHL,Access to electricity (% of population),EG.ELC.ACCS.ZS,,,,,,,,,,,,,,,,,,,,,,,,,,,,,,,92.257427,94.78162384,94.560057,95.27372742,95.51807404,95.76038361,95.617315,96.23616791,97.241124,96.69554901,97.938687,97.13436127,97.26668549,98.782325,97.53372955,97.6824646,99.368108,98.03926849,98.24531555,99.593662,99.52589417,99.588193,100,99.6,100,99.714844,100,99.7,100,100,100,100,,
China,CHN,Access to electricity (% of population),EG.ELC.ACCS.ZS,,,,,,,,,,,,,,,,,,,,,,,,,,,,,,,,,,,,,,,,,96.74505615,96.98531342,97.21701813,97.44718933,97.68283081,97.93093872,98.19830322,98.4865036,98.79193878,99.11075592,99.7,99.88720703,99.94743347,99.99295044,100,100,100,100,100,100,100,100,,
Cote d'Ivoire,CIV,Access to electricity (% of population),EG.ELC.ACCS.ZS,,,,,,,,,,,,,,,,,,,,,,,,,,,,,,,,,,,36.5,43.63125229,44.64821243,45.66176987,46.67124557,48.2,48.73202515,49.66637802,51.4,51.5164566,52.4461937,58.9,60.17105263,55.33217621,60.3,57.34462357,58.36708832,55.8,55.8,61.45337296,61.9,62.6,64.3,65.6,67.14865875,68.56665039,69.87832642,71.13684845,,
Cameroon,CMR,Access to electricity (% of population),EG.ELC.ACCS.ZS,,,,,,,,,,,,,,,,,,,,,,,,,,,,,,,,29,32.69752502,33.84919357,34.99950409,36.14777374,37.29332352,38.4354744,40.7,40.70677567,41,46.2,44.03639221,45.09002686,47.1,47.2206955,49,48.2,50.55208206,51.69436264,52.84618759,53.7,55.1631279,56.32056046,56.8,58.62038803,59.76366425,60.90362167,62.2,63.17689514,64.31187439,65.44670868,,
"Congo, Dem. Rep.",COD,Access to electricity (% of population),EG.ELC.ACCS.ZS,,,,,,,,,,,,,,,,,,,,,,,,,,,,,,,,,,,,,,,,,6.7,7.111347675,7.72608614,8.339284897,8.957951546,6,10.23948574,15.2,11.59917927,12.30102539,13.0124197,13.72952175,15.4,15.16549492,13.5,16.5844593,17.28730202,17.98682594,18.68385887,19.1,20.07378006,20.76818657,,
"Congo, Rep.",COG,Access to electricity (% of population),EG.ELC.ACCS.ZS,,,,,,,,,,,,,,,,,,,,,,,,,,,,,,,,,,,,,,,,,29.42008209,30.327034,31.22543907,32.12230682,33.02463913,33.8,34.87350464,35.82840729,36.80053329,37.1,40.00843048,40.81733704,41.6,42.50008774,43.40102386,44.33460999,45.28372574,46.2067337,47.03748322,47.7288208,48.67913055,49.65720367,,
Colombia,COL,Access to electricity (% of population),EG.ELC.ACCS.ZS,,,,,,,,,,,,,,,,,,,,,,,,,,,,,,,89.9,91.83665466,92.13265991,92.42799377,92.72196198,91.2,93.30310059,93.58891296,93.87064362,94.1475296,95.2,98.47,94.88104248,95.07718658,95.27880096,96.8,95.72622681,95.98040771,96.806763,96.057229,96.788995,96.6936,97.032176,97.779418,97.790938,98.186898,98.4,98.5,98.5,99.44425964,99.72175598,99.99910736,,
Comoros,COM,Access to electricity (% of population),EG.ELC.ACCS.ZS,,,,,,,,,,,,,,,,,,,,,,,,,,,,,,,,,,,,,28.9,32.76241302,35.0945282,37.42180252,39.79259109,42.02872849,44.8,46.48236847,48.71388626,50.95787811,53.22112656,55.50521088,57.80652237,60.12121964,69.65785217,69.3272171,69.3,69.43709564,71.76191711,74.08176422,76.39746094,78.70983124,81.01972198,83.32794952,85.63534546,87.94260406,,
Cabo Verde,CPV,Access to electricity (% of population),EG.ELC.ACCS.ZS,,,,,,,,,,,,,,,,,,,,,,,,,,,,,,,,,,,,,,,,,58.56019211,60.26353073,58.6,63.65157318,65.35028839,67,68.79193115,70.54322052,72.31172943,74.09362793,81.1,82.26313782,83.24845886,84.26624298,85.32736206,86.42112732,87.5304184,88.61360931,90.19692993,91.4,93.74695587,95.52141571,,
Costa Rica,CRI,Access to electricity (% of population),EG.ELC.ACCS.ZS,,,,,,,,,,,,,,,,,,,,,,,,,,,,,,,,,,,,,,,,,96.94,98.24978,98.509188,98.695902,98.954779,99.053051,99.147523,99.217998,99.263937,99.409804,98.995734,99.232348,99.503298,99.563517,99.359291,99.409804,99.5,99.6,99.7,99.71,99.9,100,,
Caribbean small states,CSS,Access to electricity (% of population),EG.ELC.ACCS.ZS,,,,,,,,,,,,,,,,,,,,,,,,,,,,,,,,,,80.3820751,80.65945123,81.34472574,84.66440384,82.70223628,83.28639395,85.95318132,86.85892456,89.41669673,89.19344872,89.25259971,89.72036839,89.73727066,90.76740593,91.74084471,92.95766839,92.25986478,93.49443679,92.9933826,94.48451965,94.98357795,94.91658027,95.75689799,96.69418607,97.22818615,97.55430623,98.02995092,98.65530332,98.91225037,,
Cuba,CUB,Access to electricity (% of population),EG.ELC.ACCS.ZS,,,,,,,,,,,,,,,,,,,,,,,,,,,,,,,,,,,,,,,,,97,96.21025085,95.5,96.47699738,96.61506653,96.76560974,96.93540955,97.12604523,97.33390808,97.55515289,97.78595734,98.02246094,98.26083374,98.49723816,98.72861481,98.95500946,99.17726135,99.39618683,99.61262512,99.8,99.93264008,100,,
Curacao,CUW,Access to electricity (% of population),EG.ELC.ACCS.ZS,,,,,,,,,,,,,,,,,,,,,,,,,,,,,,,100,100,100,100,100,100,100,100,100,100,99.9613266,99.9201355,99.8680954,99.80990601,99.75718689,99.71694183,99.69594574,99.69579315,99.71286774,99.74332428,100,100,100,100,100,100,100,100,100,100,100,100,,
Cayman Islands,CYM,Access to electricity (% of population),EG.ELC.ACCS.ZS,,,,,,,,,,,,,,,,,,,,,,,,,,,,,,,99.84692383,99.8788147,99.91024017,100,100,100,100,100,100,100,100,100,100,100,100,100,100,100,100,100,100,100,100,100,100,100,100,100,100,100,100,100,,
Cyprus,CYP,Access to electricity (% of population),EG.ELC.ACCS.ZS,,,,,,,,,,,,,,,,,,,,,,,,,,,,,,,100,100,100,100,100,100,100,100,100,100,100,100,100,100,100,100,100,100,100,100,100,100,100,100,100,100,100,100,100,100,100,100,,
Czechia,CZE,Access to electricity (% of population),EG.ELC.ACCS.ZS,,,,,,,,,,,,,,,,,,,,,,,,,,,,,,,100,100,100,100,100,100,100,100,100,100,100,100,100,99.99708557,99.98292542,99.95427704,100,100,100,100,100,100,100,100,100,100,100,100,100,100,100,100,,
Germany,DEU,Access to electricity (% of population),EG.ELC.ACCS.ZS,,,,,,,,,,,,,,,,,,,,,,,,,,,,,,,100,100,100,100,100,100,100,100,100,100,100,100,100,100,100,100,100,100,100,100,100,100,100,100,100,100,100,100,100,100,100,100,,
Djibouti,DJI,Access to electricity (% of population),EG.ELC.ACCS.ZS,,,,,,,,,,,,,,,,,,,,,,,,,,,,,,,,,,,,,62,56.29449463,56.32225418,56.34516907,55.95718002,56.11911774,49.7,56.42436218,56.58168411,56.75147629,55.5,57.1504097,57.37752151,57.61802292,57.8680687,58.12382507,54.6,58.63710403,58.88772964,59.13337708,59.83811951,60.2,62.40833282,64.7,64.50115204,65.44125366,,
Dominica,DMA,Access to electricity (% of population),EG.ELC.ACCS.ZS,,,,,,,,,,,,,,,,,,,,,,,,,,,,,,,,,,,,,,,75,79.62191772,81.05433655,82.05014038,87.7,84.02310944,85.01429749,86.01795197,87.04086304,88.08461761,90.9,90.21995544,91.30387115,90.1,93.48497772,94.57449341,95.65898132,96.73849487,97.81385803,98.88589478,99.56813049,99.9192276,99.99721527,100,,
Denmark,DNK,Access to electricity (% of population),EG.ELC.ACCS.ZS,,,,,,,,,,,,,,,,,,,,,,,,,,,,,,,100,100,100,100,100,100,100,100,100,100,100,100,100,100,100,100,100,100,100,100,100,100,100,100,100,100,100,100,100,100,100,100,,
Dominican Republic,DOM,Access to electricity (% of population),EG.ELC.ACCS.ZS,,,,,,,,,,,,,,,,,,,,,,,,,,,,,,,,78.2,82.48540497,83.25549316,84.02422333,84.79090881,85.55487823,86.31544495,87.07193756,91,88.764932,89.791362,89.749814,89.173808,90.316567,90.141224,90.118148,96.876342,97.576197,97.85776,98.145414,97.898872,97.86705,98.385853,98.470979,98.560364,98.9,100,98.9,99,100,98.1,,
Algeria,DZA,Access to electricity (% of population),EG.ELC.ACCS.ZS,,,,,,,,,,,,,,,,,,,,,,,,,,,,,,,,,,,,,,,,,98.64002991,98.63796997,98.62735748,98.61521149,98.60852814,98.61431885,98.7,98.68524933,99.3,98.82485962,98.91090393,99.00265503,98.76466047,99.18792725,99.27455139,99.35619354,99.43369293,99.53002167,99.63774109,99.5,99.71877289,99.78782654,,
East Asia & Pacific (excluding high income),EAP,Access to electricity (% of population),EG.ELC.ACCS.ZS,,,,,,,,,,,,,,,,,,,,,,,,,,,,,,,,,,,,,,,,,91.1905793,91.68993591,92.19072248,92.43659097,93.26381118,92.89206856,94.0589258,94.05139098,94.68141042,94.44342594,95.06581883,95.5959693,95.8432182,96.10181596,96.28730702,96.63637931,96.72489804,97.45668246,97.41750479,97.64600191,97.56247985,97.96221483,,
Early-demographic dividend,EAR,Access to electricity (% of population),EG.ELC.ACCS.ZS,,,,,,,,,,,,,,,,,,,,,,,,,,,,,,,,,,55.79682549,56.53126543,58.28680205,60.00741184,61.97353591,63.51914107,66.21022881,67.5666111,68.32181294,69.20917299,70.9339535,71.14752273,72.80240879,73.82647691,75.71175593,77.44338136,78.31921412,79.42664307,81.20296639,82.08810947,83.83144076,84.79327487,86.85247832,88.36556511,90.52575608,92.03766426,92.82571826,93.48983089,95.27369826,,
East Asia & Pacific,EAS,Access to electricity (% of population),EG.ELC.ACCS.ZS,,,,,,,,,,,,,,,,,,,,,,,,,,,,,,,,,,,,,,,,,92.1095964,92.5537082,92.99923336,93.21624938,93.9549637,93.6177967,94.66343285,94.6552616,95.22038911,94.99856351,95.55725361,96.0327965,96.25355997,96.48470082,96.6504141,96.96405239,97.0427749,97.70246614,97.6662385,97.87211262,97.79570732,98.15588816,,
Europe & Central Asia (excluding high income),ECA,Access to electricity (% of population),EG.ELC.ACCS.ZS,,,,,,,,,,,,,,,,,,,,,,,,,,,,,,,100,,,,,99.99383253,99.92155098,99.90524547,99.91047936,99.65746671,98.28507975,98.35154985,98.43787755,98.46627432,98.49105104,98.60232224,98.61865873,98.73754836,98.82545693,98.94177214,99.35556546,99.35313334,99.71094302,99.74750151,99.79409397,98.12405929,99.65540767,99.91351285,99.94154064,99.88496239,99.943499,99.97139624,,
Europe & Central Asia,ECS,Access to electricity (% of population),EG.ELC.ACCS.ZS,,,,,,,,,,,,,,,,,,,,,,,,,,,,,,,100,100,100,100,100,99.99787431,99.97149401,99.96527987,99.96728479,99.87135527,99.11700173,99.15399564,99.19903446,99.21672414,99.23165259,99.28367335,99.29733437,99.35904961,99.40693043,99.47467158,99.65819066,99.66438445,99.82587759,99.84941816,99.87698306,99.16752906,99.83231722,99.96275072,99.9710153,99.95028946,99.9754554,99.98759077,,
Ecuador,ECU,Access to electricity (% of population),EG.ELC.ACCS.ZS,,,,,,,,,,,,,,,,,,,,,,,,,,,,,,,,,,,,89.830167,92.05137634,92.4298172,92.726642,93.071434,93.69752502,93.97002411,94.23397064,94.973044,94.76426697,95.83265,96.315259,96.812618,97.206576,96.470862,97.462142,96.872699,97.194929,98.034674,98.976067,98.825883,98.7,99.2,98.7,99.09,98.85,100,,
"Egypt, Arab Rep.",EGY,Access to electricity (% of population),EG.ELC.ACCS.ZS,,,,,,,,,,,,,,,,,,,,,,,,,,,,,,,,,93.4,95.39224243,95.64853668,95.5,96.15432739,96.40246582,96.64652252,96.88573456,97.7,97.36000824,97.52048492,98.8,97.84382629,99.4,99.04,98.433815,99.8,98.91560364,99.35715485,99.43557739,99.7,99.87593842,99.8,99.3,100,100,100,100,100,100,,
Euro area,EMU,Access to electricity (% of population),EG.ELC.ACCS.ZS,,,,,,,,,,,,,,,,,,,,,,,,,,,,,,,100,100,100,100,100,100,100,100,100,100,99.99356116,99.99319505,99.99253593,99.99153894,99.99013734,99.98855104,99.9877446,99.98981463,99.99262633,99.99534275,99.9959192,99.99632245,100,100,100,100,100,100,100,100,100,100,,
Eritrea,ERI,Access to electricity (% of population),EG.ELC.ACCS.ZS,,,,,,,,,,,,,,,,,,,,,,,,,,,,,,,,,,,,22.9,24.75544739,25.8746109,26.9896946,28.09993553,29.25969696,30.31032562,32.2,32.39295197,33.43896103,34.49744797,35.57518387,36.67376328,37.78956604,38.91875839,40.05749512,41.20194244,42.34825897,43.4926033,44.63191986,45.76625824,46.89644241,48.02331161,49.14768982,50.27040863,51.39229965,52.51404953,,
Spain,ESP,Access to electricity (% of population),EG.ELC.ACCS.ZS,,,,,,,,,,,,,,,,,,,,,,,,,,,,,,,100,100,100,100,100,100,100,100,100,100,100,100,100,100,100,100,100,100,100,100,100,100,100,100,100,100,100,100,100,100,100,100,,
Estonia,EST,Access to electricity (% of population),EG.ELC.ACCS.ZS,,,,,,,,,,,,,,,,,,,,,,,,,,,,,,,100,100,100,100,100,100,100,100,100,100,100,100,100,99.99708557,99.98292542,99.95427704,100,100,100,100,100,100,100,100,100,100,100,100,100,100,100,100,,
Ethiopia,ETH,Access to electricity (% of population),EG.ELC.ACCS.ZS,,,,,,,,,,,,,,,,,,,,,,,,,,,,,,,,,,,,,,,,,12.7,10.2196207,11.87615776,13.53115559,15.19162083,14,18.55675316,20.26978493,22.00004387,23.74368858,25.49688148,23,29.01655197,30.77535248,27.2,29,42.9,44.3,44.84432602,48.04761887,51.1445961,54.18841553,,
European Union,EUU,Access to electricity (% of population),EG.ELC.ACCS.ZS,,,,,,,,,,,,,,,,,,,,,,,,,,,,,,,100,100,100,100,100,100,100,100,100,100,99.47614452,99.50604817,99.53442879,99.55468117,99.57253886,99.59117539,99.61435766,99.64668654,99.67895093,99.72747567,99.75505037,99.78163587,99.81040063,99.8372149,99.86319625,99.88964731,99.91760663,99.96931321,99.97183742,99.98744781,99.99514764,99.99692394,,
Fragile and conflict affected situations,FCS,Access to electricity (% of population),EG.ELC.ACCS.ZS,,,,,,,,,,,,,,,,,,,,,,,,,,,,,,,,,,,,,,,,,40.5982973,41.10387448,41.64600454,43.39898715,42.71900127,42.83513651,44.27251012,45.01946252,44.77409449,45.78736979,46.08019735,47.93334656,48.98596177,50.61932593,50.02633117,50.08436987,54.18777543,54.55778201,54.58664387,55.50035511,56.34664272,57.85188732,,
Finland,FIN,Access to electricity (% of population),EG.ELC.ACCS.ZS,,,,,,,,,,,,,,,,,,,,,,,,,,,,,,,100,100,100,100,100,100,100,100,100,100,100,100,100,100,100,100,100,100,100,100,100,100,100,100,100,100,100,100,100,100,100,100,,
Fiji,FJI,Access to electricity (% of population),EG.ELC.ACCS.ZS,,,,,,,,,,,,,,,,,,,,,,,,,,,,,,,,,,,,,66.9,71.77151489,73.08958435,74.40281677,76.78005219,77.74137878,79.63,80,80.60211182,81.57129669,82.55973816,88.9,86.16,85.63540649,92.40225983,92.50089264,92.61576843,91.75,92.95378113,93.17709351,93.41593933,96,95.0606308,96.09404755,97.12664032,92.1,,
France,FRA,Access to electricity (% of population),EG.ELC.ACCS.ZS,,,,,,,,,,,,,,,,,,,,,,,,,,,,,,,100,100,100,100,100,100,100,100,100,100,100,100,100,100,100,100,100,100,100,100,100,100,100,100,100,100,100,100,100,100,100,100,,
Faroe Islands,FRO,Access to electricity (% of population),EG.ELC.ACCS.ZS,,,,,,,,,,,,,,,,,,,,,,,,,,,,,,,100,100,100,100,100,100,100,100,100,100,100,100,100,100,100,100,100,100,100,100,100,100,100,100,100,100,100,100,100,100,100,100,,
"Micronesia, Fed. Sts.",FSM,Access to electricity (% of population),EG.ELC.ACCS.ZS,,,,,,,,,,,,,,,,,,,,,,,,,,,,,,,,,,,,,,,,,46,48.44491577,50.13581467,51.82517624,53.52000427,55.22730255,56.95386124,58.7012558,60.46587372,62.24388123,64.53152025,66.27344513,67.82731628,69.41365051,71.2011261,72.98428345,74.76328278,76.53897095,78.31216431,80.08370209,81.85440826,83.62497711,,
Gabon,GAB,Access to electricity (% of population),EG.ELC.ACCS.ZS,,,,,,,,,,,,,,,,,,,,,,,,,,,,,,,,,,,,,,,,,73.6,77.16642761,77.83032227,78.49268341,79.16049957,81.6,80.54035187,81.26074219,81.99835968,82.74935913,89.33002472,88.72707367,89.3,86.4,87.07518768,87.3277359,88.0797348,86.27,89.57460785,90.3191452,91.06284332,91.80640411,,
United Kingdom,GBR,Access to electricity (% of population),EG.ELC.ACCS.ZS,,,,,,,,,,,,,,,,,,,,,,,,,,,,,,,100,100,100,100,100,100,100,100,100,100,100,100,100,100,100,100,100,100,100,100,100,100,100,100,100,100,100,100,100,100,100,100,,
Georgia,GEO,Access to electricity (% of population),EG.ELC.ACCS.ZS,,,,,,,,,,,,,,,,,,,,,,,,,,,,,,,,,,,,,,,,,99.8350296,99.80056,99.9,100,99.93,97.93505412,100,100,100,100,100,100,100,100,100,100,100,100,99.9,100,100,100,,
Ghana,GHA,Access to electricity (% of population),EG.ELC.ACCS.ZS,,,,,,,,,,,,,,,,,,,,,,,,,,,,,,,,,,30.6,30.36940575,32.4504509,34.52877045,36.60369492,42.6,40.74053955,43.7,44.83725739,46.83095932,48.3,50.820755,41.25,55.09345008,56.91041946,60.5,61.05865097,64.2,64.06256,56.51,70.7,78.3,74.00026703,79.3,79,80.4,83.5,85.44056702,86.3,,
Gibraltar,GIB,Access to electricity (% of population),EG.ELC.ACCS.ZS,,,,,,,,,,,,,,,,,,,,,,,,,,,,,,,100,100,100,100,100,100,100,100,100,100,99.93924713,99.89852905,99.84696198,99.78957367,99.73765564,99.69821167,99.67802429,99.67867279,99.69654846,100,100,99.81513977,99.86352539,99.90762329,99.94763947,100,100,100,100,100,100,100,,
Guinea,GIN,Access to electricity (% of population),EG.ELC.ACCS.ZS,,,,,,,,,,,,,,,,,,,,,,,,,,,,,,,,,,,,,,,,16.4,15.15579319,16.42102432,17.67770958,18.9328537,20.19346619,20.2,22.75889397,24.07207298,25.40247917,26.74627113,28.09961128,29.45865822,26.2,32.17852402,33.53244019,34.88138199,33.5,35.4,45,42.2,44.74542236,46.81386948,,
"Gambia, The",GMB,Access to electricity (% of population),EG.ELC.ACCS.ZS,,,,,,,,,,,,,,,,,,,,,,,,,,,,,,,,,,17.7,18.25004959,19.92144394,21.59011841,23.25539207,24.91658783,26.57294083,34.3,29.92190552,31.54257584,27.8,34.78630066,30.4562675,38.07969666,39.75686264,41.45125198,43.15903091,46.79580688,48.31798935,49.85640717,51.5,53.04151154,54.68837357,56.35076904,56.2,60.3,62.1,62.23400116,63.69736099,,
Guinea-Bissau,GNB,Access to electricity (% of population),EG.ELC.ACCS.ZS,,,,,,,,,,,,,,,,,,,,,,,,,,,,,,,,,,,,,,,,,,,1.279583693,2.585853338,3.89759016,5.221800804,14.5361991,7.929571152,9.31110096,4.7,6,13.52065563,14.93269825,16.34277153,17.2,20.10796738,22.91453743,26,28.3832016,30.93199539,33.37447357,35.76379395,,
Equatorial Guinea,GNQ,Access to electricity (% of population),EG.ELC.ACCS.ZS,,,,,,,,,,,,,,,,,,,,,,,,,,,,,,,,,,,,,,,,,64.82559204,64.86226654,64.89040375,64.91699219,64.94905853,64.99359131,65.05738068,65.14200592,65.24385834,65.35910034,66.11707306,66.1,65.74674988,65.87714386,66.00251007,66.12290192,66.23913574,66.35205841,66.46248627,66.57125092,66.67919159,66.78699493,,
Greece,GRC,Access to electricity (% of population),EG.ELC.ACCS.ZS,,,,,,,,,,,,,,,,,,,,,,,,,,,,,,,100,100,100,100,100,100,100,100,100,100,100,100,100,100,100,100,100,100,100,100,100,100,100,100,100,100,100,100,100,100,100,100,,
Grenada,GRD,Access to electricity (% of population),EG.ELC.ACCS.ZS,,,,,,,,,,,,,,,,,,,,,,,,,,,,,,,,,,,,,,,85.04,85.52946472,85.96340179,86.27700806,86.5820694,86.88559723,87.19458008,87.51604462,87.85675812,88.21831512,90,88.98926544,89.39098358,88.8,90.20770264,90.61502838,91.01731873,91.4146347,91.80780029,92.19764709,92.3,92.9706955,93.35556793,93.74029541,,
Greenland,GRL,Access to electricity (% of population),EG.ELC.ACCS.ZS,,,,,,,,,,,,,,,,,,,,,,,,,,,,,,,100,100,100,100,100,100,100,100,100,100,100,100,100,100,100,100,100,100,100,100,100,100,100,100,100,100,100,100,100,100,100,100,,
Guatemala,GTM,Access to electricity (% of population),EG.ELC.ACCS.ZS,,,,,,,,,,,,,,,,,,,,,,,,,,,,,,,,,,,,60.8,67.67993927,68.90407562,70.12413025,70.9,73.318205,73.73321533,78.667838,78.512204,77.15116119,78.30607605,83.730998,80.67527008,81.88750458,83.11313629,84.34830475,84.026414,86.8319397,88.07272339,85.494371,90.53924561,91.76586914,93.3,94.20999146,95.42914581,96.64746857,97.86565399,,
Guam,GUM,Access to electricity (% of population),EG.ELC.ACCS.ZS,,,,,,,,,,,,,,,,,,,,,,,,,,,,,,,99.84430695,99.87581635,99.90686798,99.93725586,99.96508026,100,100,100,100,100,100,100,100,100,100,100,100,100,100,100,100,100,100,100,100,100,100,100,100,100,100,100,,
Guyana,GUY,Access to electricity (% of population),EG.ELC.ACCS.ZS,,,,,,,,,,,,,,,,,,,,,,,,,,,,,,,,,,72.376631,70.71398163,71.35198212,71.98726654,72.61915588,73.24695587,73.86991882,74.58585358,75.13645172,75.67851257,76.21903229,76.76501465,77.5,73.38258786,78.4997406,79.11552429,77.6,83.3192215,84.19555664,85.08812714,86.01316833,86.9,87.98255157,88.99909973,89.98953247,90.88771057,91.64648438,92.29893494,92.89823151,,
High income,HIC,Access to electricity (% of population),EG.ELC.ACCS.ZS,,,,,,,,,,,,,,,,,,,,,,,,,,,,,,,99.81794262,99.85942902,99.8470877,99.83931461,99.84306845,99.84894033,99.84593147,99.85962315,99.8759635,99.8704983,99.76339174,99.7654389,99.77568297,99.81760149,99.79015017,99.79504102,99.83182322,99.82694342,99.8411294,99.87628893,99.88609461,99.89579294,99.91604715,99.91597189,99.93407487,99.93865258,99.94879351,99.96616438,99.9660776,99.97263809,99.97812393,99.97833877,,
"Hong Kong SAR, China",HKG,Access to electricity (% of population),EG.ELC.ACCS.ZS,,,,,,,,,,,,,,,,,,,,,,,,,,,,,,,100,100,100,100,100,100,100,100,100,100,100,100,100,100,100,100,100,100,100,100,100,100,100,100,100,100,100,100,100,100,100,100,,
Honduras,HND,Access to electricity (% of population),EG.ELC.ACCS.ZS,,,,,,,,,,,,,,,,,,,,,,,,,,,,,,,,54.781937,58.913112,61.100156,64.733947,66.122022,61.68112,64.794754,66.859519,67.394103,67.42304993,64.2,63.141137,65.090464,67.113528,68.903309,71.266448,73.548187,76.396899,78.269685,80.984668,82.195298,83.607727,87.184881,88.653773,89.98171,91.6,86.5,91.6,91.1,93.08769989,94.1315918,,
Heavily indebted poor countries (HIPC),HPC,Access to electricity (% of population),EG.ELC.ACCS.ZS,,,,,,,,,,,,,,,,,,,,,,,,,,,,,,,,,,,,,,,,21.86000532,17.86663733,18.72698456,19.42028372,20.90163388,21.94701958,21.68076645,24.31557072,25.88348644,25.85029675,27.06626524,28.69926832,29.19971592,31.92978639,32.90749444,35.40004403,35.48392476,40.63020477,41.51366447,44.02758745,45.05461638,46.37164912,48.04843016,,
Croatia,HRV,Access to electricity (% of population),EG.ELC.ACCS.ZS,,,,,,,,,,,,,,,,,,,,,,,,,,,,,,,100,100,100,100,100,100,100,100,100,100,100,99.99974823,99.99468994,99.97372437,99.93330383,99.87893677,99.84591675,99.8337326,100,100,100,100,100,100,100,100,100,100,100,100,100,100,,
Haiti,HTI,Access to electricity (% of population),EG.ELC.ACCS.ZS,,,,,,,,,,,,,,,,,,,,,,,,,,,,,,,,,,,,31.3,30.01301765,30.55703735,31.09697533,31.63207245,33.7,31.542382,33.12068558,31.6,34.05020142,34.53017044,33.9,35.54945374,36.08673859,36.63740921,37.19763184,37.76356125,37.9,38.89718628,39.55197144,40.79751205,40.4,43.29354095,44.43624115,45.43953323,46.33651352,47.18033218,,
Hungary,HUN,Access to electricity (% of population),EG.ELC.ACCS.ZS,,,,,,,,,,,,,,,,,,,,,,,,,,,,,,,100,100,100,100,100,100,100,100,100,100,100,100,99.99862671,99.98960114,99.96490479,99.92795563,99.88430786,100,100,100,100,100,99.96533966,99.98679352,100,100,100,100,100,100,100,100,,
IBRD only,IBD,Access to electricity (% of population),EG.ELC.ACCS.ZS,,,,,,,,,,,,,,,,,,,,,,,,,,,,,,,,,,,,,,,,,84.52408607,85.2204091,85.57070516,86.54740667,86.6798617,87.73642793,88.14888264,89.31402894,90.15651435,90.65794379,91.44027987,92.50868768,92.78276149,93.78841132,94.43339254,95.18025903,95.8342118,96.60874231,97.75282058,97.87356092,98.05902982,99.10323062,,
IDA & IBRD total,IBT,Access to electricity (% of population),EG.ELC.ACCS.ZS,,,,,,,,,,,,,,,,,,,,,,,,,,,,,,,,,,,,,,,,,74.09384712,74.70387737,75.19680601,76.25408818,76.24535221,77.18963354,77.96120667,78.72689553,79.56228081,80.0532595,80.74981769,82.02294777,82.54816642,83.45523572,84.04112344,84.8961611,86.28023475,87.26121836,88.29660137,88.65439817,88.99646455,90.0980679,,
IDA total,IDA,Access to electricity (% of population),EG.ELC.ACCS.ZS,,,,,,,,,,,,,,,,,,,,,,,,,,,,,,,,,,,,,,,36.99062613,38.33944468,36.40681753,37.1868892,38.72134981,40.54119801,40.50326272,41.51777325,43.95276133,44.17614772,45.43608372,46.3346264,47.2215916,49.57168165,51.24858655,52.18973702,52.92560034,54.44037189,58.31935411,60.24500423,61.33102292,62.73886234,63.91261485,65.58440633,,
IDA blend,IDB,Access to electricity (% of population),EG.ELC.ACCS.ZS,,,,,,,,,,,,,,,,,,,,,,,,,,,,,,,,,,,,,,,54.53179643,55.74805341,56.05466545,57.13929768,57.84820831,60.56405757,59.56945525,60.38250062,61.26738638,62.70073431,63.46682157,63.36819686,64.23054084,68.65041337,68.32303051,69.5737924,68.75362842,69.04545624,72.91716068,71.87355536,73.37794677,74.09362498,74.61159299,76.61974835,,
Indonesia,IDN,Access to electricity (% of population),EG.ELC.ACCS.ZS,,,,,,,,,,,,,,,,,,,,,,,,,,,,,,,,48.9,66.69656372,55.43,62.8,66.86,72.39,80.3,80.94,83.73,86.3,86.26,87.6,87.94,89.01,84.77742004,90.62,91.1,92.73,93.55,94.15,94.83,96,96.46425831,97.01,97.53736744,97.62,98.14,98.51,98.85,96.95,99.21,,
IDA only,IDX,Access to electricity (% of population),EG.ELC.ACCS.ZS,,,,,,,,,,,,,,,,,,,,,,,,,,,,,,,,,,,,,,,,25.56633078,26.43326107,27.01745781,28.98823369,30.36593741,30.81369952,31.9300192,35.15369955,34.88533788,36.37961408,37.76160061,38.6404667,39.93274346,42.62480617,43.41432973,44.94358153,47.09086256,50.99966696,54.43420272,55.32836402,57.09786234,58.61100778,60.12763358,,
Isle of Man,IMN,Access to electricity (% of population),EG.ELC.ACCS.ZS,,,,,,,,,,,,,,,,,,,,,,,,,,,,,,,100,100,100,100,100,100,100,100,100,100,100,100,100,100,100,100,100,100,100,100,100,100,100,100,100,100,100,100,100,100,100,100,,
India,IND,Access to electricity (% of population),EG.ELC.ACCS.ZS,,,,,,,,,,,,,,,,,,,,,,,,,,,,,,,,,,50.9,49.81130981,51.40877533,53.00352097,54.59486389,56.18213272,60.1,60.29283905,62.00543976,62.3,65.41201019,64.4,68.8404541,67.9,72.3407135,74.11849213,75,76.3,79.51678467,79.9,83.13139343,85.13391113,88,89.58630371,91.79415894,95.7,95.88594055,96.5,99.57252502,,
Not classified,INX,Access to electricity (% of population),EG.ELC.ACCS.ZS,,,,,,,,,,,,,,,,,,,,,,,,,,,,,,,,,,,,,,,,,,,,,,,,,,,,,,,,,,,,,,,,
Ireland,IRL,Access to electricity (% of population),EG.ELC.ACCS.ZS,,,,,,,,,,,,,,,,,,,,,,,,,,,,,,,100,100,100,100,100,100,100,100,100,100,100,100,100,100,100,100,100,100,100,100,100,100,100,100,100,100,100,100,100,100,100,100,,
"Iran, Islamic Rep.",IRN,Access to electricity (% of population),EG.ELC.ACCS.ZS,,,,,,,,,,,,,,,,,,,,,,,,,,,,,,,,,,,,,,,,,97.9,98.06488037,98.14431763,98.22221375,98.30558014,98.40142059,98.4,98.65244293,98.80560303,99.71,99.42646027,99.46973419,99.52924347,99.83,100,99.96,99.95,99.94,100,100,100,100,,
Iraq,IRQ,Access to electricity (% of population),EG.ELC.ACCS.ZS,,,,,,,,,,,,,,,,,,,,,,,,,,,,,,,,,,,,,,,,,96.80883026,96.93499756,97.0526123,97.16868591,97.2902298,97.42424774,97.62211156,98.1,97.94296265,98.14768982,98.36196136,98,99.3,99.02366638,99.23851013,99.44837952,99.65409851,99.88437653,99.9,99.99102783,100,100,,
Iceland,ISL,Access to electricity (% of population),EG.ELC.ACCS.ZS,,,,,,,,,,,,,,,,,,,,,,,,,,,,,,,100,100,100,100,100,100,100,100,100,100,100,100,100,100,100,100,100,100,100,100,100,100,100,100,100,100,100,100,100,100,100,100,,
Israel,ISR,Access to electricity (% of population),EG.ELC.ACCS.ZS,,,,,,,,,,,,,,,,,,,,,,,,,,,,,,,100,100,100,100,100,100,100,100,100,100,100,100,100,100,100,100,100,100,100,100,100,100,100,100,100,100,100,100,100,100,100,100,,
Italy,ITA,Access to electricity (% of population),EG.ELC.ACCS.ZS,,,,,,,,,,,,,,,,,,,,,,,,,,,,,,,100,100,100,100,100,100,100,100,100,100,100,100,100,100,100,100,100,100,100,100,100,100,100,100,100,100,100,100,100,100,100,100,,
Jamaica,JAM,Access to electricity (% of population),EG.ELC.ACCS.ZS,,,,,,,,,,,,,,,,,,,,,,,,,,,,,,,70.334586,77.22886658,78.03292084,78.83629608,79.63831329,80.43829346,85.706045,82.02940369,82.81917572,84.554112,84.43345642,87.708112,86.681291,86.53820801,87.24137878,87.95703125,88.69193268,89.44767761,92,91.00700378,92.2,91.1,93.1,93.9,93.3,94.9,96.5848465,97.36888123,98.15042114,98.93030548,99.70935822,100,,
Jordan,JOR,Access to electricity (% of population),EG.ELC.ACCS.ZS,,,,,,,,,,,,,,,,,,,,,,,,,,,,,,,96.8,97.85468292,97.97486115,98.09436035,98.21250153,98.32859802,98.44197845,98.9,98.65785217,98.75891113,99.0069809,99.01566315,99.5,99.01439667,99.17343682,99.0349884,100,98.8,100,99.4,100,99.60034943,99.5,99.69455719,99.79192352,99.89276123,99.951828,100,99.9,99.9,99.9,99.9,,
Japan,JPN,Access to electricity (% of population),EG.ELC.ACCS.ZS,,,,,,,,,,,,,,,,,,,,,,,,,,,,,,,100,100,100,100,100,100,100,100,100,100,100,100,100,100,100,100,100,100,100,100,100,100,100,100,100,100,100,100,100,100,100,100,,
Kazakhstan,KAZ,Access to electricity (% of population),EG.ELC.ACCS.ZS,,,,,,,,,,,,,,,,,,,,,,,,,,,,,,,,,,,,99.9,99.19211578,99.26947021,99.34275055,97,99.58386993,99.65,99.81,99.92,99.96,100,99.76654765,100,100,100,100,99.79746835,100,100,100,100,100,100,100,100,100,100,,
Kenya,KEN,Access to electricity (% of population),EG.ELC.ACCS.ZS,,,,,,,,,,,,,,,,,,,,,,,,,,,,,,,,,,10.9,3.473436832,5.427343369,7.378530502,9.326317787,14.5,13.20889187,15.17569447,17.04813576,18.91202927,16,22.64220619,24.52250099,26.42205238,28.34244156,30.280056,23,19.2,36.15786362,38.12599182,40.09215164,36,41.6,53.1,55.8319931,61.18061447,69.7,71.49271393,76.54244995,,
Kyrgyz Republic,KGZ,Access to electricity (% of population),EG.ELC.ACCS.ZS,,,,,,,,,,,,,,,,,,,,,,,,,,,,,,,,,,,,,,99.8,99.55382538,99.56558228,99.58281708,99.52974701,100,99.40496063,99.34727478,99.44230769,98.89,99.54,99.51,99.5,99,98.32,99.8,98.93,99.8,98.69,99.71,100,100,99.88467407,99.86511993,99.67372894,,
Cambodia,KHM,Access to electricity (% of population),EG.ELC.ACCS.ZS,,,,,,,,,,,,,,,,,,,,,,,,,,,,,,,,,,,,,,,18.67,8.820036888,16.6,9.52857399,13.109128,19.3,14.2,20.5,27.48578835,20.2,26.4,25.6,31.1,37.4,42.3,50.9,56.1,62.7206459,68.7621994,89.07,80.70082855,84,86.4,82.50171661,,
Kiribati,KIR,Access to electricity (% of population),EG.ELC.ACCS.ZS,,,,,,,,,,,,,,,,,,,,,,,,,,,,,,,,,,,,,,,,,55.56978607,57.28753281,58.99673462,60.70439911,62.41752625,69.67640546,68.8,67.65368652,69.43660736,64.19,63.16773671,74.8503418,76.66377258,78.83417511,83.38574982,90.55818141,92.56970978,85.67442322,87.46591949,89.25575256,91.04476166,92.83363342,,
St. Kitts and Nevis,KNA,Access to electricity (% of population),EG.ELC.ACCS.ZS,,,,,,,,,,,,,,,,,,,,,,,,,,,,,,,91.3068161,91.6711731,92.03543091,92.39900208,92.76120758,93.12138367,93.47883606,93.83288574,94.18286133,94.52799225,95.38558197,93.53,95.8278656,96.04319,96.26398468,96.49725342,96.74977875,97.02313995,97.31372833,97.61769867,99.82605743,100,100,100,100,100,100,100,100,100,100,100,,
"Korea, Rep.",KOR,Access to electricity (% of population),EG.ELC.ACCS.ZS,,,,,,,,,,,,,,,,,,,,,,,,,,,,,,,99.88284302,99.91267395,99.94221497,99.96943665,99.98912048,100,100,100,100,100,100,100,100,100,100,100,100,100,100,100,100,100,100,100,100,100,100,100,100,100,100,100,,
Kuwait,KWT,Access to electricity (% of population),EG.ELC.ACCS.ZS,,,,,,,,,,,,,,,,,,,,,,,,,,,,,,,100,100,100,100,100,100,100,100,100,100,100,100,100,100,100,100,100,100,100,100,100,100,100,100,100,100,100,100,100,100,100,100,,
Latin America & Caribbean (excluding high income),LAC,Access to electricity (% of population),EG.ELC.ACCS.ZS,,,,,,,,,,,,,,,,,,,,,,,,,,,,,,,,,87.85974495,88.52435812,89.52393042,87.71848132,88.81879561,89.28124538,89.94818754,90.61429871,91.12460847,91.75597343,92.07435444,92.29726721,92.72368321,93.09798993,93.81452256,94.12577657,94.94083037,95.08360032,95.60171387,95.95984297,96.335021,96.65759339,96.78637568,97.07178529,97.30203592,97.57169603,97.57982494,97.85457719,98.0106186,98.12087083,,
Lao PDR,LAO,Access to electricity (% of population),EG.ELC.ACCS.ZS,,,,,,,,,,,,,,,,,,,,,,,,,,,,,,,,,,31,25.605793,25,31.24769974,34.06389618,36.87601089,39.68328476,42.58350372,45.31845093,46.3,48,53.50004196,57.2,57.0410587,54.96,66,67.40142822,70.2244873,70,76.36662775,79.28723907,82.50173187,89.7,89.01155853,93.6,92.9,98.3973465,99.31136322,100,,
Lebanon,LBN,Access to electricity (% of population),EG.ELC.ACCS.ZS,,,,,,,,,,,,,,,,,,,,,,,,,,,,,,,,,,,,,,,,,99.30312347,99.28229523,99.25291443,99.22200012,99.9,99.18357086,99.38381709,97.8,99.9,99.31903839,99.49950409,99.68401095,99.5341568,99.60704803,99.67489624,99.73777771,99.79650116,99.85191345,99.7,99.95048523,99.98307037,100,,
Liberia,LBR,Access to electricity (% of population),EG.ELC.ACCS.ZS,,,,,,,,,,,,,,,,,,,,,,,,,,,,,,,,,,,,,,,,,,,,,,,,3,1.28270936,1.9,5.255597115,4.1,9.251317978,9.8,9.4,15.2267561,17.7,24.2,22.77013588,23.1,27.5597496,29.84824371,,
Libya,LBY,Access to electricity (% of population),EG.ELC.ACCS.ZS,,,,,,,,,,,,,,,,,,,,,,,,,,,,,,,,,,,,,,,,,99.8,96.94502258,95.2321167,93.51766968,91.8086853,90.11218262,88.43492889,86.77851105,85.139328,83.51352692,81.8972702,80.28672791,78.67805481,77.0674057,75.45172882,73.83107758,72.20626831,70.57814789,67,68.47289276,69.36826324,70.21047974,,
St. Lucia,LCA,Access to electricity (% of population),EG.ELC.ACCS.ZS,,,,,,,,,,,,,,,,,,,,,,,,,,,,,,,,,,,,,,,,,86.04013824,89.9,87.6542511,88.45549011,89.26219177,90.08137512,90.91981506,91.77909088,92.65558624,93.54547882,94.2,95.35005188,95.34342258,97.16210938,98.06212616,98.95716095,99.84803772,99.89683533,99.9905014,100,100,100,,
Latin America & Caribbean,LCN,Access to electricity (% of population),EG.ELC.ACCS.ZS,,,,,,,,,,,,,,,,,,,,,,,,,,,,,,,,,88.71432276,89.31822491,90.22308287,88.59950584,89.55790882,90.0158644,90.63688727,91.24758769,91.73368915,92.33918582,92.63024204,92.71473771,93.19872068,93.5237582,94.25588031,94.48735427,95.23412015,95.40683009,95.8832609,96.19956359,96.58370863,96.86610551,97.03592198,97.28998896,97.48072233,97.71354236,97.75991237,98.00483435,98.15788934,98.25931565,,
Least developed countries: UN classification,LDC,Access to electricity (% of population),EG.ELC.ACCS.ZS,,,,,,,,,,,,,,,,,,,,,,,,,,,,,,,,,,,,,,,,,20.18002159,20.93157575,22.9072232,24.45341654,24.85638515,26.22876637,29.08137047,29.29967395,30.67423904,32.05844906,32.92129342,34.4237747,37.79090627,38.15122598,39.45791481,42.2820173,46.33171453,50.20802992,51.17956536,52.95558775,54.56513414,56.21916337,,
Low income,LIC,Access to electricity (% of population),EG.ELC.ACCS.ZS,,,,,,,,,,,,,,,,,,,,,,,,,,,,,,,,,,,,,,,,,15.80919441,16.54576581,17.22959912,18.97366521,19.78012668,19.52393964,22.04508082,23.56833649,23.11311208,24.66551817,26.17368077,26.74894514,29.83849596,30.87537672,32.28305055,32.20875173,37.44147601,39.0749596,40.49530936,41.84144375,43.22324966,44.80975502,,
Liechtenstein,LIE,Access to electricity (% of population),EG.ELC.ACCS.ZS,,,,,,,,,,,,,,,,,,,,,,,,,,,,,,,100,100,100,100,100,100,100,100,100,100,100,100,100,100,100,100,100,100,100,100,100,100,100,100,100,100,100,100,100,100,100,100,,
Sri Lanka,LKA,Access to electricity (% of population),EG.ELC.ACCS.ZS,,,,,,,,,,,,,,,,,,,,,,,,,,,,,,,,,,,,,,,,,70.3423996,63.6,80.7,74.97201538,76.51680756,78.07408142,82.05,80,82.86255646,87.09,85.3,87.76,87,90.2,92.69762421,94.33074951,97.5,97.5,99.58557892,99.76135254,99.97409821,100,,
Lower middle income,LMC,Access to electricity (% of population),EG.ELC.ACCS.ZS,,,,,,,,,,,,,,,,,,,,,,,,,,,,,,,,,,49.08530696,48.95281805,50.09518439,51.65129251,54.02075312,56.72910267,59.15076336,60.80938323,61.89440698,62.76511154,64.97667486,64.78257946,67.35927274,67.97913855,69.85263123,71.59640406,72.30086367,73.32970455,76.07375512,76.57566046,78.4560185,79.56824045,81.79578547,83.7271661,85.57223603,87.71012314,88.35884623,89.08891169,91.1284907,,
Low & middle income,LMY,Access to electricity (% of population),EG.ELC.ACCS.ZS,,,,,,,,,,,,,,,,,,,,,,,,,,,,,,,,,,,,,,,,,73.62561427,74.24706135,74.75247011,75.8481671,75.83283276,76.79980538,77.57983107,78.36832098,79.22112105,79.48516681,80.20902047,81.51318313,82.05376251,82.98644048,83.58682343,84.46515489,85.88040728,86.88489742,87.9431659,88.31809719,88.67533256,89.80147971,,
Lesotho,LSO,Access to electricity (% of population),EG.ELC.ACCS.ZS,,,,,,,,,,,,,,,,,,,,,,,,,,,,,,,,,,,,,,,,,4.258760108,1.296144128,3.372064114,5.446444035,6.8,9.618612289,9.7,13.86260319,16.01224327,17,17,22.52612877,20.56,26.88446617,27.8,31.77480888,35.0725174,33.7,47,44.56339645,47.49701309,50.37747192,,
Late-demographic dividend,LTE,Access to electricity (% of population),EG.ELC.ACCS.ZS,,,,,,,,,,,,,,,,,,,,,,,,,,,,,,,,,,,,,,,,,95.27917011,95.90299874,96.25440514,96.4820502,96.71597261,97.1911503,97.88952,97.62532989,97.99725026,97.70593293,98.36421546,98.63423464,98.75587616,98.90138058,99.00869876,98.78785514,99.12467342,99.27874227,99.2874837,99.33475872,99.39286153,99.41329348,,
Lithuania,LTU,Access to electricity (% of population),EG.ELC.ACCS.ZS,,,,,,,,,,,,,,,,,,,,,,,,,,,,,,,100,100,100,100,100,100,100,100,100,100,99.47619629,99.45622253,99.42770386,99.39764404,99.3730545,99.3609314,99.36807251,99.3960495,99.44124603,99.49983215,99.71877289,99.72156525,100,100,100,100,100,100,100,100,100,100,,
Luxembourg,LUX,Access to electricity (% of population),EG.ELC.ACCS.ZS,,,,,,,,,,,,,,,,,,,,,,,,,,,,,,,100,100,100,100,100,100,100,100,100,100,100,100,100,100,100,100,100,100,100,100,100,100,100,100,100,100,100,100,100,100,100,100,,
Latvia,LVA,Access to electricity (% of population),EG.ELC.ACCS.ZS,,,,,,,,,,,,,,,,,,,,,,,,,,,,,,,100,100,100,100,100,100,100,100,100,100,99.88821411,99.85662842,99.8041687,99.75016022,99.70162964,99.66556549,99.64875793,99.65278625,99.67404938,100,99.75288391,99.80278015,100,100,100,100,100,100,100,100,100,100,,
"Macao SAR, China",MAC,Access to electricity (% of population),EG.ELC.ACCS.ZS,,,,,,,,,,,,,,,,,,,,,,,,,,,,,,,99.84928131,99.88058472,99.91143036,99.94161987,100,100,100,100,100,100,100,100,100,100,100,100,100,100,100,100,100,100,100,100,100,100,100,100,100,100,100,100,,
St. Martin (French part),MAF,Access to electricity (% of population),EG.ELC.ACCS.ZS,,,,,,,,,,,,,,,,,,,,,,,,,,,,,,,100,100,100,100,100,100,100,100,100,100,99.9613266,99.9201355,99.8680954,99.80990601,99.75718689,99.71694183,99.69594574,99.69579315,99.71286774,99.74332428,100,100,100,100,100,100,100,100,100,100,100,100,,
Morocco,MAR,Access to electricity (% of population),EG.ELC.ACCS.ZS,,,,,,,,,,,,,,,,,,,,,,,,,,,,,,,,,49.2,56.77265167,58.60889816,56.5,62.27459335,64.10268402,65.92668915,67.74585724,69.81222534,71.58036804,73.33995819,75.0980072,78.2,78.63751984,96.5,82.24885559,84.08216095,85.92886353,95.72572327,96.07478333,96.44008636,97.2,97.27895355,97.3,97.8,100,98.1,99.6,100,100,,
Monaco,MCO,Access to electricity (% of population),EG.ELC.ACCS.ZS,,,,,,,,,,,,,,,,,,,,,,,,,,,,,,,100,100,100,100,100,100,100,100,100,100,100,100,100,100,100,100,100,100,100,100,100,100,100,100,100,100,100,100,100,100,100,100,,
Moldova,MDA,Access to electricity (% of population),EG.ELC.ACCS.ZS,,,,,,,,,,,,,,,,,,,,,,,,,,,,,,,100,100,100,100,100,100,100,100,100,100,98.7317276,98.7572403,99,98.78961945,99.1,98.6,98.896492,98.96995544,99.06063843,99.16470337,99.27832794,99.39765167,99.5188446,99.63806915,99.75226593,99.86148071,99.93734741,99.98,99.99,100,100,100,,
Madagascar,MDG,Access to electricity (% of population),EG.ELC.ACCS.ZS,,,,,,,,,,,,,,,,,,,,,,,,,,,,,,,,,9.2,10.10562325,10.56164837,11.01563454,11.46690083,10.9,12.35855484,12.79750061,12.56780529,14.8,13.95127201,20.3,15.32857895,16.03244019,16.75555611,17.49951172,18.2606926,17.4,12.3,14.3,18.7,12.9,22.97530556,23.75502014,22.9,24.1,36.5,31.04,32,35.12093353,,
Maldives,MDV,Access to electricity (% of population),EG.ELC.ACCS.ZS,,,,,,,,,,,,,,,,,,,,,,,,,,,,,,,,,,,,,,,,,83.8,87.45767212,88.30175018,89.14427948,89.99227905,90.85275269,91.73247528,92.63304901,93.55083466,99.9,98.99598694,99.09539795,99.21105194,99.35917664,100,99.77472687,100,99.8,100,100,100,100,,
Middle East & North Africa,MEA,Access to electricity (% of population),EG.ELC.ACCS.ZS,,,,,,,,,,,,,,,,,,,,,,,,,,,,,,,,,,,,,,,,,92.42556581,92.62440259,92.53940539,93.36026202,93.24679886,93.9253314,95.83800724,94.15255456,94.77339622,94.90388063,95.91352949,95.92194032,95.43330056,97.07742685,96.5192252,96.50443495,96.78562851,97.63193293,96.14943308,97.12969397,97.22991873,97.29014544,,
Mexico,MEX,Access to electricity (% of population),EG.ELC.ACCS.ZS,,,,,,,,,,,,,,,,,,,,,,,,,,,,,,,,,93.145981,95.44846344,95.238294,95.89446259,96.093624,96.32958221,96.092755,96.74829865,98.007132,97.13956451,97.897085,97.35939026,98.597701,98.932728,99.11416,97.91460419,98.914037,98.29679871,99.236696,99.0047226,99.111637,99.14505005,99.172928,99,99.5,100,99.5,99.6,99.4,100,,
Marshall Islands,MHL,Access to electricity (% of population),EG.ELC.ACCS.ZS,,,,,,,,,,,,,,,,,,,,,,,,,,,,,,,,,,,,,,,,68.52423588,68.62478638,70.05039215,71.46744537,72.88296509,74.30394745,75.73740387,77.19011688,72.3,80.15444183,81.65860748,89.39568329,89.91960679,90.36354828,90.88806915,91.45591736,92.05641174,92.67243958,93.76294708,95.26229858,96.75998688,98.2568512,99.75357819,,
Middle income,MIC,Access to electricity (% of population),EG.ELC.ACCS.ZS,,,,,,,,,,,,,,,,,,,,,,,,,,,,,,,,,,,,,,,,,77.98026783,78.65363762,79.23992801,80.36951056,80.36571656,81.51181948,82.23513367,83.1796578,84.23742541,84.73477628,85.46926863,86.93072755,87.29661218,88.28690124,88.871138,89.92019019,91.01280912,92.0303554,93.13416328,93.49391567,93.83061105,94.99898721,,
North Macedonia,MKD,Access to electricity (% of population),EG.ELC.ACCS.ZS,,,,,,,,,,,,,,,,,,,,,,,,,,,,,,,100,100,100,100,100,100,100,100,100,100,99.022995,99.03236389,99.0331955,99.03247833,99.42,99.05445099,99,99.14825439,99.2,99.2,99.49747467,99.7261638,99.61645508,99.71954346,99.81759644,99.90327454,99.96611786,99.9943161,99.8,100,100,100,,
Mali,MLI,Access to electricity (% of population),EG.ELC.ACCS.ZS,,,,,,,,,,,,,,,,,,,,,,,,,,,,,,,,,,,,,6.2,4.28854084,6.066863537,7.840343952,9.625236511,10.8,13.0359211,14.73545074,16.44044685,18.15791702,16.6,21.65220642,23.42699623,24.03089583,27.01289749,28.81632805,25.6,32.4249649,34.22326279,37.6,38.79692841,34.78,50.9,47.85478973,50.64406586,53.38018799,,
Malta,MLT,Access to electricity (% of population),EG.ELC.ACCS.ZS,,,,,,,,,,,,,,,,,,,,,,,,,,,,,,,100,100,100,100,100,100,100,100,100,100,100,99.99806213,100,100,100,100,100,100,100,100,100,100,100,100,100,100,100,100,100,100,100,100,,
Myanmar,MMR,Access to electricity (% of population),EG.ELC.ACCS.ZS,,,,,,,,,,,,,,,,,,,,,,,,,,,,,,,,,,,,,,,,,41.87318802,42.95207977,47,45.0912323,46.16550446,47.25225449,48.35825348,49.48509598,50.62916183,51.78661346,48.8,54.1263237,55.30090332,56.47351074,52,60.5,55.6,69.8148366,66.10093689,68.31150055,70.41574097,72.46681976,,
Middle East & North Africa (excluding high income),MNA,Access to electricity (% of population),EG.ELC.ACCS.ZS,,,,,,,,,,,,,,,,,,,,,,,,,,,,,,,,,,,,,,,,,91.43471404,91.65266678,91.54903639,92.47294632,92.33977419,93.09787654,95.2542748,93.30011449,93.9821772,94.10682704,95.26262123,95.26581384,94.69135386,96.59895095,95.94740005,95.92788421,96.26119016,97.23981309,95.51441969,96.64936674,96.77233129,96.84853075,,
Montenegro,MNE,Access to electricity (% of population),EG.ELC.ACCS.ZS,,,,,,,,,,,,,,,,,,,,,,,,,,,,,,,100,100,100,100,100,100,100,100,100,100,99.09285736,99.0697403,99.03807068,99.00485992,98.97711945,99.83022071,98.9658432,98.99066925,99.03272247,99.08815765,99.15314484,99,99.29640198,99.7,97.7,99.4931488,99.59975433,100,100,99.96228027,99.85311127,99.7984314,,
Mongolia,MNG,Access to electricity (% of population),EG.ELC.ACCS.ZS,,,,,,,,,,,,,,,,,,,,,,,,,,,,,,,,,,,,,,,,,67.3,71.72018433,72.75763702,76.3,74.83492279,86.2,76.96188354,78.05582428,79.16699982,80.29155731,78.50208044,72.05707491,83.70715332,81.2,85.98155212,87.9682312,90.80754852,93.62075806,98.1,98.92325592,99.50216675,100,,
Northern Mariana Islands,MNP,Access to electricity (% of population),EG.ELC.ACCS.ZS,,,,,,,,,,,,,,,,,,,,,,,,,,,,,,,99.85326385,99.88437653,99.91503143,99.9449234,99.97164154,100,100,100,100,100,100,100,99.93063354,99.87239075,99.81594849,99.77197266,99.74725342,100,100,100,100,100,100,100,100,100,100,100,100,100,100,100,,
Mozambique,MOZ,Access to electricity (% of population),EG.ELC.ACCS.ZS,,,,,,,,,,,,,,,,,,,,,,,,,,,,,,,,,,,,,,6.6,3.663175583,4.879123688,6.101472855,5.7,8.397825241,8.1,10.68801785,11.84832191,13.02788067,12.4,13.57122385,15,18.89780426,20.2,21.21368027,22.41220856,24.8,24,26.2185955,24.3,31.1,29.68644333,30.61238289,31.49403954,,
Mauritania,MRT,Access to electricity (% of population),EG.ELC.ACCS.ZS,,,,,,,,,,,,,,,,,,,,,,,,,,,,,,,,,,,,,,,,,19.14663315,22.2,21.74361801,23.03629684,24.33444405,18.2,26.97493935,33.04054054,30,31.07491875,34.20018387,35.30409241,36.42424011,37.57685471,38.8,39.5,41.2455101,42.9,43.58927917,44.94792938,45.4,47.69584274,,
Mauritius,MUS,Access to electricity (% of population),EG.ELC.ACCS.ZS,,,,,,,,,,,,,,,,,,,,,,,,,,,,,,,99.04156494,99.07067871,99.09967804,99.12800598,99.15496826,99.17988586,99.20209503,99.22089386,99.23561859,99.24550629,99,99.19603729,99.4,99.08771515,99.03825378,99.00126648,98.98352814,98.9866333,99.00696564,99.04067993,99.39733124,99.6,99.37142944,99.39907074,99.47003174,99.57365417,99.6927948,99.61,99.78661346,100,99.46401978,99.6,,
Malawi,MWI,Access to electricity (% of population),EG.ELC.ACCS.ZS,,,,,,,,,,,,,,,,,,,,,,,,,,,,,,,,,3.2,1.553555846,2.013661385,2.471727133,2.927073479,3.379020214,3.826887608,4.26991272,4.8,5.205577374,5.554325104,6.2,6.9,6.619356632,3.653227333,7.409003735,7.83147192,8.267327309,8.7,7.6,7.4,9,11.9,10.8,11,12.7,18.02,11.2,11.5,14.1884222,,
Malaysia,MYS,Access to electricity (% of population),EG.ELC.ACCS.ZS,,,,,,,,,,,,,,,,,,,,,,,,,,,,,,,,,,,,,,,,,98.58813477,98.62186432,98.64704895,98.67069244,98.69979858,98.74138641,98.80222321,98.8839035,98.98281097,99.3,99.47531128,99.49632263,99.8,99.60329437,99.72376251,99.86203003,99.9,99.97869873,99.99715424,100,100,100,,
North America,NAC,Access to electricity (% of population),EG.ELC.ACCS.ZS,,,,,,,,,,,,,,,,,,,,,,,,,,,,,,,100,100,100,100,100,100,100,100,100,100,100,100,100,100,100,100,100,100,100,100,100,100,100,100,100,100,100,100,100,100,100,100,,
Namibia,NAM,Access to electricity (% of population),EG.ELC.ACCS.ZS,,,,,,,,,,,,,,,,,,,,,,,,,,,,,,,,,26.4,27,28.93258858,29.95214844,30.96898842,31.9824295,32.99179077,33.99631119,36.5,35.99064255,36.88426971,37.77636337,38.67391968,39.58395386,40.51324081,43.7,42.43071747,44.1,44.40174103,42.3,46.39559937,47.4,48.38235474,51.6,49.7,52.5,52.32165527,53.27858353,52.3,55.22531891,,
New Caledonia,NCL,Access to electricity (% of population),EG.ELC.ACCS.ZS,,,,,,,,,,,,,,,,,,,,,,,,,,,,,,,99.84430695,99.87581635,99.90686798,99.93725586,99.96508026,100,100,100,100,100,100,100,100,100,100,100,100,100,100,100,100,100,100,100,100,100,100,100,100,100,100,100,,
Niger,NER,Access to electricity (% of population),EG.ELC.ACCS.ZS,,,,,,,,,,,,,,,,,,,,,,,,,,,,,,,,,4.4,4.012139797,4.57177639,6.2,7,6.235727787,6.7,7.325682163,6.481481481,8.351331711,8.813964844,9.275057793,9.741617203,7.1,9.3,11.23806858,11.77442169,12.32416153,13.62196922,14.3,14.4,15.15198231,15.73237133,16.6,16.97397804,17.5764389,17.6,18.4574337,18.72191048,18.6,,
Nigeria,NGA,Access to electricity (% of population),EG.ELC.ACCS.ZS,,,,,,,,,,,,,,,,,,,,,,,,,,,,,,,27.3,35.23460007,36.0994606,36.96364594,37.82646942,38.68725204,39.5453186,40.39998245,41.25056839,44.9,43.17996979,43.91169739,44.63488007,52.2,46.08362961,46.82321548,47.58205414,50.13091943,50.3,49.96892166,48,55.9,53.0173645,55.6,54.15365219,52.5,59.3,54.4,56.5,55.4,55.4,59.5,,
Nicaragua,NIC,Access to electricity (% of population),EG.ELC.ACCS.ZS,,,,,,,,,,,,,,,,,,,,,,,,,,,,,,,,,,72.064174,69.25382996,69.84990692,70.44326019,71.03321075,69.047103,72.20012665,72.95218658,72.22158,74.05443573,74.5997467,75.15052032,73.821815,76.29627991,76.89962769,77.52019501,77.916313,80.13485718,81.2,81.2815094,81.89542389,81.853073,83.24255371,83.94796753,84.62728119,85.21433258,85.66197968,86.00330353,86.29147339,,
Netherlands,NLD,Access to electricity (% of population),EG.ELC.ACCS.ZS,,,,,,,,,,,,,,,,,,,,,,,,,,,,,,,100,100,100,100,100,100,100,100,100,100,100,100,100,100,100,100,100,100,100,100,100,100,100,100,100,100,100,100,100,100,100,100,,
Norway,NOR,Access to electricity (% of population),EG.ELC.ACCS.ZS,,,,,,,,,,,,,,,,,,,,,,,,,,,,,,,100,100,100,100,100,100,100,100,100,100,100,100,100,100,100,100,100,100,100,100,100,100,100,100,100,100,100,100,100,100,100,100,,
Nepal,NPL,Access to electricity (% of population),EG.ELC.ACCS.ZS,,,,,,,,,,,,,,,,,,,,,,,,,,,,,,,,,,,,,17.9,18.13286781,21.7325325,25.32735443,29.86780357,24.6,36.35047913,39.58600616,37.2,46.08046341,51.2,52.64674377,55.95753098,59.28170395,68.6,67.26,75.21463013,77.44139099,84.9,82.01422882,90.7,86.62465668,93.92,89.9,89.9,89.9,,
Nauru,NRU,Access to electricity (% of population),EG.ELC.ACCS.ZS,,,,,,,,,,,,,,,,,,,,,,,,,,,,,,,98.99908447,99.04130554,99.0834198,99.12485504,99.16492462,99.20295715,99.23826599,99.27017975,99.29801178,99.32100677,99.06174469,99.04695129,99.02361298,98.99873352,98.97931671,98.97237396,98.98469543,99.8,99.06822968,99.13199615,99.20530701,99,99.36521912,99.4441452,99.51803589,99,99.66518402,99.83300781,99.9187851,100,100,100,,
New Zealand,NZL,Access to electricity (% of population),EG.ELC.ACCS.ZS,,,,,,,,,,,,,,,,,,,,,,,,,,,,,,,100,100,100,100,100,100,100,100,100,100,100,100,100,100,100,100,100,100,100,100,100,100,100,100,100,100,100,100,100,100,100,100,,
OECD members,OED,Access to electricity (% of population),EG.ELC.ACCS.ZS,,,,,,,,,,,,,,,,,,,,,,,,,,,,,,,99.54680018,99.6445345,99.13098675,99.32707983,99.3161421,99.31632632,99.39392113,99.42567226,99.42305865,99.47598739,99.6369827,99.66255486,99.60239853,99.57682793,99.66450394,99.74050462,99.73848766,99.62770241,99.74519145,99.69206789,99.81107353,99.78781125,99.8150889,99.83848072,99.84536592,99.83946085,99.895851,99.94057647,99.89856,99.94170416,99.93407468,99.99996648,,
Oman,OMN,Access to electricity (% of population),EG.ELC.ACCS.ZS,,,,,,,,,,,,,,,,,,,,,,,,,,,,,,,100,100,100,100,100,100,100,100,100,100,100,100,100,99.99642181,99.97957611,99.94677734,99.91415405,100,100,100,100,100,100,100,100,100,100,100,100,100,100,100,,
Other small states,OSS,Access to electricity (% of population),EG.ELC.ACCS.ZS,,,,,,,,,,,,,,,,,,,,,,,,,,,,,,,,,,,,,,,,,56.54697825,57.08457899,54.32384481,55.55644983,57.26926781,58.48046481,60.30986711,61.91703043,63.14040807,63.6090875,65.58357248,67.52493236,68.50947443,69.65574606,70.89158991,72.40736554,73.65307898,74.66717865,76.73816518,77.58060299,78.30310718,79.43171379,,
Pakistan,PAK,Access to electricity (% of population),EG.ELC.ACCS.ZS,,,,,,,,,,,,,,,,,,,,,,,,,,,,,,,,,,,,,,,70.46,70.26535034,72.81689453,73.86801147,74.9105835,75.95161438,76.99811554,78.05709076,79.13531494,80.23438263,81.35066986,82.48035431,87.12272644,87.83734131,88.56819916,89.33152008,90.13817596,90.9774704,91.83230591,92.661026,93.39749146,93.9,94.4852829,94.92285919,,
Panama,PAN,Access to electricity (% of population),EG.ELC.ACCS.ZS,,,,,,,,,,,,,,,,,,,,,,,,,,,,,,,70.19,73.44313049,74.25563812,75.06745911,75.87792206,76.68634033,77.49204254,78.29434967,79.09257507,79.88595581,81.40141009,81.45079803,82.11410522,87.8,83.44309998,84.12281036,84.82176971,85.54157257,86.2786026,87.02901459,86.85,88.55464935,89.32218933,89.1,90.84829712,91.60385895,92.35527039,93.7,93.8,93.9,95.33601379,95.25108255,,
Peru,PER,Access to electricity (% of population),EG.ELC.ACCS.ZS,,,,,,,,,,,,,,,,,,,,,,,,,,,,,,,,,70.1,64.74899292,66.05293274,67.35483551,67,69.16024,72.072063,74.078523,72.496495,72.113111,74.382688,74.380966,75.692357,77.173645,80.157275,81.988131,84.678343,86.42432,88.123061,89.707491,91.099508,92.135365,92.919989,93.852179,94.2,94.8,95.2,95.55136022,96.2,95.6,,
Philippines,PHL,Access to electricity (% of population),EG.ELC.ACCS.ZS,,,,,,,,,,,,,,,,,,,,,,,,,,,,,,,,,,65.4,68.01855469,69.13311768,70.24495697,71.35339355,71.3,71.87417093,74.69910431,75.72766113,76.74767303,76.6,87.6,79.82649994,80.18,81.9586792,83.3,84.3,85.4832077,87.2,87.08,87.5,89.76233673,89.08,91.98271942,93,94.18982697,95.29047394,96.39028931,97.48997498,,
Palau,PLW,Access to electricity (% of population),EG.ELC.ACCS.ZS,,,,,,,,,,,,,,,,,,,,,,,,,,,,,,,96.62535095,96.76270294,96.89993286,97.03649139,97.17168427,97.30484009,97.43527222,97.56230927,97.68526459,97.80337524,97.94817352,98.00195313,98.04718781,98.09088135,98.14004517,98.91650733,98.28256989,98.38430023,98.50325775,98.63559723,98.77748871,98.92508698,97.63042631,99.22205353,99.8103,99.50200653,100,100,100,100,100,100,,
Papua New Guinea,PNG,Access to electricity (% of population),EG.ELC.ACCS.ZS,,,,,,,,,,,,,,,,,,,,,,,,,,,,,,,,,,,,,11,2.158482552,4.295089722,6.426855087,12.38889694,12.73825836,13.079072,13.41834641,13.76308727,14.1203022,12.4,14.89408207,15.30861664,17.2,19.5,17.32798958,17.54454422,17.79356956,18.08592033,18.4109211,13.5,19.23093987,16.6,23.6,20.49611855,20.91660118,,
Poland,POL,Access to electricity (% of population),EG.ELC.ACCS.ZS,,,,,,,,,,,,,,,,,,,,,,,,,,,,,,,100,100,100,100,100,100,100,100,100,100,99.9985199,99.98857117,99.9598465,99.91199493,99.85257721,99.80590057,99.77848053,99.77190399,99.782547,100,100,100,100,100,100,100,100,100,100,100,100,100,,
Pre-demographic dividend,PRE,Access to electricity (% of population),EG.ELC.ACCS.ZS,,,,,,,,,,,,,,,,,,,,,,,,,,,,,,,,,,,,,,22.91768439,23.61461068,24.85131,24.86738992,26.18219436,27.00369917,29.45924076,28.99298615,29.73607258,30.98443032,32.32216606,32.11666944,32.1735569,32.6452421,36.03709366,37.44833307,38.33252044,39.83780829,40.06253445,44.60716513,44.31756699,47.08155973,47.57505613,48.38258628,50.5270527,,
Puerto Rico,PRI,Access to electricity (% of population),EG.ELC.ACCS.ZS,,,,,,,,,,,,,,,,,,,,,,,,,,,,,,,99.98342896,99.9930954,99.99861908,100,100,100,100,100,100,100,100,100,100,100,100,100,100,100,100,100,100,100,100,100,100,100,100,100,100,100,100,100,,
"Korea, Dem. People's Rep.",PRK,Access to electricity (% of population),EG.ELC.ACCS.ZS,,,,,,,,,,,,,,,,,,,,,,,,,,,,,,,,,,,,,,,,,,,,,,,,,,26,29.30030632,31.43327141,33.56810379,35.7009697,37.82880402,39.95166016,42.07036591,44.18574905,46.29864502,48.40988541,50.52029419,52.63056183,,
Portugal,PRT,Access to electricity (% of population),EG.ELC.ACCS.ZS,,,,,,,,,,,,,,,,,,,,,,,,,,,,,,,100,100,100,100,100,100,100,100,100,100,100,100,100,100,100,100,100,100,100,100,100,100,100,100,100,100,100,100,100,100,100,100,,
Paraguay,PRY,Access to electricity (% of population),EG.ELC.ACCS.ZS,,,,,,,,,,,,,,,,,,,,,,,,,,,,,,,,,,,,77.469114,86.26005554,86.412854,87.76236725,88.518177,89.57885742,91.04207,91.666443,92.558399,93.249876,94.686886,96.749045,96.452771,96.677896,96.891335,97.43086,98.23656,97.835616,99.015884,99.000716,99.331532,98.4,99.3,99.6,99.7,99.7,100,,
West Bank and Gaza,PSE,Access to electricity (% of population),EG.ELC.ACCS.ZS,,,,,,,,,,,,,,,,,,,,,,,,,,,,,,,,,,,,,,97.9,98.53929901,98.62315369,99.7,99.1,99.17612457,99.1,99.5,99.6,99.7,98.8,99.8,99.9,99.9,99.7,99.8,99.9,99.9,99.9,100,99.9,100,100,100,100,,
Pacific island small states,PSS,Access to electricity (% of population),EG.ELC.ACCS.ZS,,,,,,,,,,,,,,,,,,,,,,,,,,,,,,,,,,,,,,,,57.04523783,55.43148485,56.74138572,58.38527758,59.42309181,60.56931846,62.13547734,61.47557533,63.68809473,67.00683231,64.53775211,71.58244141,72.68553807,73.79358386,72.63754945,76.65820898,78.68289328,80.12842931,82.35690948,82.94096827,84.58639026,86.42952825,85.86980688,,
Post-demographic dividend,PST,Access to electricity (% of population),EG.ELC.ACCS.ZS,,,,,,,,,,,,,,,,,,,,,,,,,,,,,,,99.99439114,99.99574774,99.99709226,99.99833898,99.9992621,99.99976678,99.99977535,99.99978395,99.99979277,99.99980185,99.71678455,99.72593736,99.73008005,99.75625754,99.77108777,99.80545472,99.80461234,99.83136507,99.84323438,99.86152324,99.87849431,99.89267291,99.90084593,99.91823763,99.93181948,99.9432356,99.95748721,99.97067718,99.98228102,99.99292308,99.99745716,99.99876806,,
French Polynesia,PYF,Access to electricity (% of population),EG.ELC.ACCS.ZS,,,,,,,,,,,,,,,,,,,,,,,,,,,,,,,100,100,100,100,100,100,100,100,100,100,100,100,100,100,100,100,100,100,100,100,100,100,100,100,100,100,100,100,100,100,100,100,,
Qatar,QAT,Access to electricity (% of population),EG.ELC.ACCS.ZS,,,,,,,,,,,,,,,,,,,,,,,,,,,,,,,100,100,100,100,100,100,100,100,100,100,100,100,100,100,100,100,100,100,100,100,100,100,100,100,100,100,100,100,100,100,100,100,,
Romania,ROU,Access to electricity (% of population),EG.ELC.ACCS.ZS,,,,,,,,,,,,,,,,,,,,,,,,,,,,,,,100,100,100,100,100,100,100,100,100,100,94.40946198,94.64903259,94.88005829,95.10955048,95.34450531,95.59192657,95.85861206,96.14613342,96.45088196,96.76901245,97.09669495,97.43008423,97.76534271,98.09863281,98.42689514,98.76136017,99.1,100,99.82265472,100,99.99521637,100,,
Russian Federation,RUS,Access to electricity (% of population),EG.ELC.ACCS.ZS,,,,,,,,,,,,,,,,,,,,,,,,,,,,,,,100,100,100,100,100,100,100,100,100,100,97.80664825,97.85520935,97.8952179,97.9336853,97.97762299,98.03403473,98.10970306,98.20620728,98.31993103,98.447052,99.26815796,99.20948029,100,100,100,95.5,99.41022491,100,100,99.77796936,99.89778137,100,,
Rwanda,RWA,Access to electricity (% of population),EG.ELC.ACCS.ZS,,,,,,,,,,,,,,,,,,,,,,,,,,,,,,,,,2.3,,,,,1.027835965,2.174127579,3.31557703,6.2,4.719171047,6.046956062,7.373200893,8.704913139,4.8,11.41254044,12.79682064,6,15.61321831,9.7,10.8,17.5,15.2,19.8,22.8,29.37,34.1,37.95683289,46.6,45.19010925,48.70043564,,
South Asia,SAS,Access to electricity (% of population),EG.ELC.ACCS.ZS,,,,,,,,,,,,,,,,,,,,,,,,,,,,,,,,,,46.73507089,46.32270122,47.80872836,48.90120434,50.43256252,54.35709893,57.72027972,57.88883249,59.48872854,60.55273639,63.2741408,62.6972642,66.7271002,66.93483934,70.11809926,72.4511661,73.71068585,75.1065107,78.00089055,79.47721901,81.66949811,83.88216949,86.78482373,88.91273868,91.6674212,94.61972207,95.31230716,96.19496149,98.76807243,,
Saudi Arabia,SAU,Access to electricity (% of population),EG.ELC.ACCS.ZS,,,,,,,,,,,,,,,,,,,,,,,,,,,,,,,100,100,100,100,100,100,100,100,100,100,100,100,100,99.99820709,100,100,100,100,100,100,100,100,100,100,100,100,99.9,99.97,99.89,99.99,99.99,100,,
Sudan,SDN,Access to electricity (% of population),EG.ELC.ACCS.ZS,,,,,,,,,,,,,,,,,,,,,,,,,,,,,,,32.8,26.91929436,27.4086132,27.89725304,28.38453484,28.8697834,29.3523159,29.83145714,30.30652809,30.77675629,23,29.38591766,29.65393066,29.92040443,30.19234467,30.47675896,30.78042793,31.10493469,19.97,29,35.98873901,38.33779907,40.70309067,43.10085678,44.9,48.01568985,50.50495911,52.96812057,55.3390274,57.57051849,59.69569778,61.76771927,,
Senegal,SEN,Access to electricity (% of population),EG.ELC.ACCS.ZS,,,,,,,,,,,,,,,,,,,,,,,,,,,,,,,,,,26,27.19048691,28.85719109,30.52117729,32.2,33.83826828,36.2,37.74,38.8890152,36.8,41.93730164,36.8,47.1,49.9,48.14943314,49.74806976,53.5,56.5,56.5,56.5,57,61,60.5,64.5,61.7,66,70.4,64.3,67.9753418,,
Singapore,SGP,Access to electricity (% of population),EG.ELC.ACCS.ZS,,,,,,,,,,,,,,,,,,,,,,,,,,,,,,,100,100,100,100,100,100,100,100,100,100,100,100,100,100,100,100,100,100,100,100,100,100,100,100,100,100,100,100,100,100,100,100,,
Solomon Islands,SLB,Access to electricity (% of population),EG.ELC.ACCS.ZS,,,,,,,,,,,,,,,,,,,,,,,,,,,,,,,,,,,,,,,,15.7,4.677879333,7.593122482,10.4998188,13.40497494,16.31559753,19.23869514,14.4,12.9,28.12465668,21.2,35.4151535,39.1417923,42.88467026,44.7,50.47868729,55.1,58.19686127,62.9,65.78608704,69.39516449,72.89792633,76.34752655,,
Sierra Leone,SLE,Access to electricity (% of population),EG.ELC.ACCS.ZS,,,,,,,,,,,,,,,,,,,,,,,,,,,,,,,,,,,,,,,,,7.728399277,8.473939896,9.210932732,9.946386337,16.8,11.33248552,12.21335125,13.00684071,12.1,14.64165497,11.46217307,14.2,17.1558876,13.5,18.82936859,19.65861702,20.3,23.4,26.1,22.7,26.3106842,27.49404907,,
El Salvador,SLV,Access to electricity (% of population),EG.ELC.ACCS.ZS,,,,,,,,,,,,,,,,,,,,,,,,,,,,,,,,69.60788,75.33219147,76.27613831,77.21871948,76.995504,77.883,80.03151703,81.637983,79.129592,84.519249,87.063829,87.54906,86.961151,87.357045,87.525839,89.201467,91.109558,91.000227,91.08402,91.580238,92.574686,93.680571,95.043105,95.125416,95.4,96,96.8,97,97.36,99.72254181,97.89,,
San Marino,SMR,Access to electricity (% of population),EG.ELC.ACCS.ZS,,,,,,,,,,,,,,,,,,,,,,,,,,,,,,,100,100,100,100,100,100,100,100,100,100,100,100,100,100,100,100,100,100,100,100,100,100,100,100,100,100,100,100,100,100,100,100,,
Somalia,SOM,Access to electricity (% of population),EG.ELC.ACCS.ZS,,,,,,,,,,,,,,,,,,,,,,,,,,,,,,,,,,,,,,,,,2.109353542,4.68638134,7.4,9.821804047,12.39421177,14.97909451,15.23378582,20.20820808,22.85041046,25.50599861,52.27222824,52.00972748,51.76345825,51.54965973,51.37918854,51.24136734,51.11907578,52.1,50.73001862,49.2,49.86356354,49.3240242,,
Serbia,SRB,Access to electricity (% of population),EG.ELC.ACCS.ZS,,,,,,,,,,,,,,,,,,,,,,,,,,,,,,,100,100,100,100,100,100,100,100,100,100,99.8524704,99.80686951,100,99.69704437,99.6468277,99.69072165,99.59059143,99.59294128,99.61251831,99.64548492,99.718398,99.73621368,99.78630066,99.92,99.66079793,99.9,99.94739532,100,99.99190521,99.8,100,100,,
Sub-Saharan Africa (excluding high income),SSA,Access to electricity (% of population),EG.ELC.ACCS.ZS,,,,,,,,,,,,,,,,,,,,,,,,,,,,,,,,,,,,,28.37653634,28.2573876,28.47036696,30.03659942,25.64469853,26.10406643,27.28180453,29.51729005,29.30863606,29.28368903,31.11954805,32.44592953,32.3285455,32.53367791,33.24180524,35.79677592,36.68331265,37.91530836,38.25326479,39.10645864,43.72879889,43.67347352,46.33998641,47.12791861,48.47743112,50.57733062,,
South Sudan,SSD,Access to electricity (% of population),EG.ELC.ACCS.ZS,,,,,,,,,,,,,,,,,,,,,,,,,,,,,,,,,,,,,,,,,,,,,,,,0.796382964,1.277264714,3,1.5,2.784873724,3.296267986,3.805692196,4.310085773,4.809501171,5.304766178,4.2,6.286168575,6.773965836,7.260933876,7.74776268,,
Sub-Saharan Africa,SSF,Access to electricity (% of population),EG.ELC.ACCS.ZS,,,,,,,,,,,,,,,,,,,,,,,,,,,,,,,,,,,,,28.38854984,28.26834403,28.48119917,30.04700152,25.65310537,26.11224119,27.29005969,29.52484764,29.31602127,29.29094688,31.12694246,32.45261589,32.33524537,32.5402369,33.2483108,35.80279845,36.68916709,37.92096701,38.25901219,39.1120982,43.73394058,43.67854785,46.34473946,47.13252085,48.48183745,50.58148381,,
Small states,SST,Access to electricity (% of population),EG.ELC.ACCS.ZS,,,,,,,,,,,,,,,,,,,,,,,,,,,,,,,,,,,,,,,,,63.38989665,64.38356705,62.10965003,63.01914698,64.36997896,65.28262606,66.68916265,68.10692003,69.36771108,69.32883786,71.41838724,72.77726814,73.81369386,74.63260585,75.73378539,77.09074849,78.23216965,79.18200155,80.82431257,81.62165122,82.36925544,83.22921726,,
Sao Tome and Principe,STP,Access to electricity (% of population),EG.ELC.ACCS.ZS,,,,,,,,,,,,,,,,,,,,,,,,,,,,,,,,,,,,,,,,,52.9,51.45824432,52.52682495,53.59386063,54.66636658,55.75134659,56.85557938,57.98065567,59.12295151,56.9,61.44387054,62.61481094,57.9,64.95846558,68.6,67.30618286,69.3609314,74.27,71,75.12294769,76.81360626,78.45111084,,
Suriname,SUR,Access to electricity (% of population),EG.ELC.ACCS.ZS,,,,,,,,,,,,,,,,,,,,,,,,,,,,,,,,,,,,,,,,99.62406,95.41635132,95.30744171,95.18998718,95.07099915,94.95747375,94.85642242,91.01983989,94.71366119,94.6699295,94.6395874,91.19751586,94.60369873,94.59047699,94.57528687,94.55506897,94.98352814,95.82074738,96.63185883,97.4,97.93016052,98.40328979,98.82325745,,
Slovak Republic,SVK,Access to electricity (% of population),EG.ELC.ACCS.ZS,,,,,,,,,,,,,,,,,,,,,,,,,,,,,,,100,100,100,100,100,100,100,100,100,100,100,100,99.99891663,99.99105835,99.96805573,99.93209839,99.8885498,100,100,100,100,100,100,100,100,100,100,100,100,100,100,100,,
Slovenia,SVN,Access to electricity (% of population),EG.ELC.ACCS.ZS,,,,,,,,,,,,,,,,,,,,,,,,,,,,,,,100,100,100,100,100,100,100,100,100,100,100,100,100,100,100,100,100,100,100,100,100,100,100,100,100,100,100,100,100,100,100,100,,
Sweden,SWE,Access to electricity (% of population),EG.ELC.ACCS.ZS,,,,,,,,,,,,,,,,,,,,,,,,,,,,,,,100,100,100,100,100,100,100,100,100,100,100,100,100,100,100,100,100,100,100,100,100,100,100,100,100,100,100,100,100,100,100,100,,
Eswatini,SWZ,Access to electricity (% of population),EG.ELC.ACCS.ZS,,,,,,,,,,,,,,,,,,,,,,,,,,,,,,,,,,,,,,,,,20.42861176,26.9,25.94137955,28.69195175,31.44799042,34.21650314,35.2,39.81287384,42.63870621,38.6,45.55233761,51.1811676,54.29845047,57.53400421,65,64.12441254,63.43,73.5,73.96111298,77.03039551,79.99336243,82.90317535,,
Sint Maarten (Dutch part),SXM,Access to electricity (% of population),EG.ELC.ACCS.ZS,,,,,,,,,,,,,,,,,,,,,,,,,,,,,,,100,100,100,100,100,100,100,100,100,100,99.9613266,99.9201355,99.8680954,99.80990601,99.75718689,99.71694183,99.69594574,99.69579315,99.71286774,99.74332428,100,100,100,100,100,100,100,100,100,100,100,100,,
Seychelles,SYC,Access to electricity (% of population),EG.ELC.ACCS.ZS,,,,,,,,,,,,,,,,,,,,,,,,,,,,,,,,,,,90,92.17365265,92.55249023,92,93.29929352,93.66580963,94.13495636,94.41283417,96.1,94.94995117,95.22320557,95.50894165,99,96.13974762,96.48279572,96.8392334,97,98.07955933,98.29730225,98,100,100,100,100,100,100,100,100,,
Syrian Arab Republic,SYR,Access to electricity (% of population),EG.ELC.ACCS.ZS,,,,,,,,,,,,,,,,,,,,,,,,,,,,,,,,,,,,,,,,,93.39175415,93.11754608,86.6,92.55049896,92.27167511,92.00531769,99.5057574,91.53195953,91.32292938,91.12728119,92.7,91.45220947,90.7077179,90.40177917,90.21626282,90.02575684,89.83110809,89.63314056,86,89.23056793,89.02761841,88.82453156,,
Turks and Caicos Islands,TCA,Access to electricity (% of population),EG.ELC.ACCS.ZS,,,,,,,,,,,,,,,,,,,,,,,,,,,,,,,88.7,91.0539093,91.43911743,91.82364655,92.20681763,92.58794403,92.96634674,93.341362,93.7122879,94.07837677,95.6,94.9213562,95.17477417,95.426651,95.68399048,95.95381165,96.2428894,96.55279541,96.87993622,100,100,100,93.1,100,100,100,100,100,100,100,99.4,100,,
Chad,TCD,Access to electricity (% of population),EG.ELC.ACCS.ZS,,,,,,,,,,,,,,,,,,,,,,,,,,,,,,,,,,,,,,2.3,2.420387268,2.806213379,3.110457182,3.442217827,3.765431643,4.087105751,3.5,4.753861904,5.112731934,5.492440701,5.88937521,6.299696445,6.4,8.98,7.7917099,8.090240479,8.432096481,7.7,9.245298386,10.9,10.05880642,8.4,10.86567688,11.2685585,,
East Asia & Pacific (IDA & IBRD countries),TEA,Access to electricity (% of population),EG.ELC.ACCS.ZS,,,,,,,,,,,,,,,,,,,,,,,,,,,,,,,,,,,,,,,,,91.19062483,91.68997801,92.19076119,92.43662781,93.26384298,92.89210206,94.05895266,94.05142201,94.68143387,95.31497015,95.90076328,96.40752042,96.62743993,96.85952201,97.01839807,97.34359696,97.40520711,98.11801179,98.05099294,98.25548803,98.14457911,98.52349263,,
Europe & Central Asia (IDA & IBRD countries),TEC,Access to electricity (% of population),EG.ELC.ACCS.ZS,,,,,,,,,,,,,,,,,,,,,,,,,,,,,,,100,100,100,100,100,99.99509339,99.93652848,99.92310407,99.92737778,99.71972915,98.25337458,98.32331853,98.40919509,98.44159157,98.46960061,98.57297132,98.59802922,98.71465189,98.8089132,98.94331416,99.31362108,99.3274476,99.65060163,99.69757637,99.75277858,98.32778293,99.66331636,99.92524887,99.94185564,99.90037485,99.95082546,99.9751684,,
Togo,TGO,Access to electricity (% of population),EG.ELC.ACCS.ZS,,,,,,,,,,,,,,,,,,,,,,,,,,,,,,,,,,,,,,,15.3,16.07299995,16.95623488,19.58799553,21.31191635,23.03429985,24.7621479,26.50247002,27.9,30.04246521,31.84010696,33.65113831,30.79174368,39.7,39.12615204,40.95233917,45.7,44.74509048,46.77486038,48,50,52.46191788,54.12759781,55.74011612,,
Thailand,THA,Access to electricity (% of population),EG.ELC.ACCS.ZS,,,,,,,,,,,,,,,,,,,,,,,,,,,,,,,,,,,,,,,,,82.1,90.36642456,90.97642517,91.58487701,92.19879913,92.82519531,99.14620148,94.13733673,94.82105255,98.96,99.7,99.31997681,99.10862355,99.40440369,99.50617218,99.6,99.88520813,99.9,99.82,99.9,100,100,,
Tajikistan,TJK,Access to electricity (% of population),EG.ELC.ACCS.ZS,,,,,,,,,,,,,,,,,,,,,,,,,,,,,,,,,,,,,,,,97,98.46774194,98.60231018,99,100,98.54486084,99.3,98.55702972,98.59357452,98.64735413,99,98.79122162,98.87364197,99.1,99.04024506,99.11753082,98,99.25800323,99.3,99.3,99.4458847,99.50574493,99.56546783,,
Turkmenistan,TKM,Access to electricity (% of population),EG.ELC.ACCS.ZS,,,,,,,,,,,,,,,,,,,,,,,,,,,,,,,,,,,,,,,,,99.6,99.63657379,99.60683441,99.57556152,99.54975128,99.53642273,99.8413328,99.56909943,99.61308289,99.67045593,100,99.81000519,99.8844986,99.94313049,99.98204041,100,100,100,100,99.9,100,100,,
Latin America & the Caribbean (IDA & IBRD countries),TLA,Access to electricity (% of population),EG.ELC.ACCS.ZS,,,,,,,,,,,,,,,,,,,,,,,,,,,,,,,,,88.58621244,89.1994843,90.11510758,88.48365992,89.45239807,89.91566016,90.543871,91.16163715,91.54002921,92.18242333,92.49946692,92.56716929,93.06445882,93.39758203,94.14928791,94.384941,95.15032238,95.3243746,95.81170733,96.13208574,96.52353843,96.80952651,96.98035024,97.23769098,97.43007739,97.6657036,97.71025894,97.95841638,98.11311381,98.21630993,,
Timor-Leste,TLS,Access to electricity (% of population),EG.ELC.ACCS.ZS,,,,,,,,,,,,,,,,,,,,,,,,,,,,,,,,,,,,,,,,,17.83436012,25.6,24.0985527,27.7,30.35658646,33.50081253,36.66429138,36.6,43.05015182,46.26508331,38,52.71974564,55.9518013,59.18188858,62.40694427,67.28153394,76.5,79.54066467,85.15628052,90.63248444,96.00237274,100,,
Middle East & North Africa (IDA & IBRD countries),TMN,Access to electricity (% of population),EG.ELC.ACCS.ZS,,,,,,,,,,,,,,,,,,,,,,,,,,,,,,,,,,,,,,,,,91.34875528,91.57475443,91.46863517,92.40253617,92.26321564,93.02792303,95.20613511,93.24016386,93.9182121,94.04264538,95.21090854,95.21603494,94.63363394,96.56148949,95.9024013,95.88251704,96.21830009,97.20920342,95.46237631,96.61017614,96.73424014,96.81097816,,
Tonga,TON,Access to electricity (% of population),EG.ELC.ACCS.ZS,,,,,,,,,,,,,,,,,,,,,,,,,,,,,,,,,,,80,81.78847504,82.55436707,83.31685638,84.07527161,84.82884216,85.5925827,86.2806778,86.9602356,87.63824463,88.32172394,89.01767731,92.3,90.46894073,91.22221375,91.98887634,92.76508331,92.17545611,92.8,95.11260223,95.88938904,100,97.02,98.20983124,99.00598145,98.4,99.86349487,100,,
South Asia (IDA & IBRD),TSA,Access to electricity (% of population),EG.ELC.ACCS.ZS,,,,,,,,,,,,,,,,,,,,,,,,,,,,,,,,,,46.73507089,46.32270122,47.80872836,48.90120434,50.43256252,54.35709893,57.72027972,57.88883249,59.48872854,60.55273639,63.2741408,62.6972642,66.7271002,66.93483934,70.11809926,72.4511661,73.71068585,75.1065107,78.00089055,79.47721901,81.66949811,83.88216949,86.78482373,88.91273868,91.6674212,94.61972207,95.31230716,96.19496149,98.76807243,,
Sub-Saharan Africa (IDA & IBRD countries),TSS,Access to electricity (% of population),EG.ELC.ACCS.ZS,,,,,,,,,,,,,,,,,,,,,,,,,,,,,,,,,,,,,28.38854984,28.26834403,28.48119917,30.04700152,25.65310537,26.11224119,27.29005969,29.52484764,29.31602127,29.29094688,31.12694246,32.45261589,32.33524537,32.5402369,33.2483108,35.80279845,36.68916709,37.92096701,38.25901219,39.1120982,43.73394058,43.67854785,46.34473946,47.13252085,48.48183745,50.58148381,,
Trinidad and Tobago,TTO,Access to electricity (% of population),EG.ELC.ACCS.ZS,,,,,,,,,,,,,,,,,,,,,,,,,,,,,,,,,,,,,,,,,91.29,96.27635193,96.46549988,96.65310669,96.84617615,95,100,100,100,99,100,97.5,100,100,100,100,100,100,100,100,100,100,,
Tunisia,TUN,Access to electricity (% of population),EG.ELC.ACCS.ZS,,,,,,,,,,,,,,,,,,,,,,,,,,,,,,,,,,,86.8,88.7,90.4,92,93.2,94.2,94.8,97.3,97.8,98.4,99,99.2,99.4,99.4,99.4,99.5,99.5,99.5,99.5,99.7,99.8,99.9,100,100,99.8,100,99.9,99.9,,
Turkiye,TUR,Access to electricity (% of population),EG.ELC.ACCS.ZS,,,,,,,,,,,,,,,,,,,,,,,,,,,,,,,,,,,,,,,,,99.89972687,99.86859131,99.81642914,99.76273346,99.71450806,99.67875671,99.66225433,99.66659546,99.68815613,99.72310638,100,100,100,100,100,100,100,100,100,100,100,100,,
Tuvalu,TUV,Access to electricity (% of population),EG.ELC.ACCS.ZS,,,,,,,,,,,,,,,,,,,,,,,,,,,,,,,,,,,,,,,,,94.59020996,94.77597046,94.62978316,95.1288681,95.31001282,95.50363159,95.71649933,96.7,96.20114899,96.46546936,96.73934174,97.0189209,97.6717774,97.57984924,97.85430145,98.12377167,97.3,98.72118378,98.96691132,99.7,99.42547607,99.68236542,,
Tanzania,TZA,Access to electricity (% of population),EG.ELC.ACCS.ZS,,,,,,,,,,,,,,,,,,,,,,,,,,,,,,,,,6.8,2.330187798,3.300647259,4.269067287,9.4,6.197068214,7.15528965,8,8.651097298,9.683137894,10.70663166,11.1,11.4,13.7959013,14.85505104,15.93504047,11.5,11.2,14.8,14.2,15.3,16.4,23.5,26.22121811,32.8,32.09702301,34.92961121,37.7,39.9,42.74336243,,
Uganda,UGA,Access to electricity (% of population),EG.ELC.ACCS.ZS,,,,,,,,,,,,,,,,,,,,,,,,,,,,,,,,5.6,,,0.533898532,6.8,2.811104298,3.94494772,5.0747118,6.199634075,7.398890495,8.6,7.8,10.52878475,11.5736742,8.9,9,14.80511379,15.91979694,10,12.1,14.6,20.47400475,13.9,20.4,18.5,26.7,32.38534927,41.92,41.3,42.13947678,45.22034836,,
Ukraine,UKR,Access to electricity (% of population),EG.ELC.ACCS.ZS,,,,,,,,,,,,,,,,,,,,,,,,,,,,,,,100,100,100,100,100,100,100,100,100,100,99.13548279,99.20142365,99.25882721,99.31468201,99.37600708,99.8855617,99.54286194,99.8,99.78787231,99.90015411,99.96983337,99.99577332,99.86749117,100,100,100,100,100,100,100,100,100,,
Upper middle income,UMC,Access to electricity (% of population),EG.ELC.ACCS.ZS,,,,,,,,,,,,,,,,,,,,,,,,,,,,,,,,,,,,,,,,,94.32862009,94.77128264,95.23894565,95.4617269,95.79440744,95.65556138,96.61521539,96.75073732,97.22129509,97.6137314,98.15685319,98.37514138,98.68048255,98.80107963,98.89534603,98.73987503,98.98104133,99.14453221,99.15341539,99.23594458,99.17841835,99.40398167,,
Uruguay,URY,Access to electricity (% of population),EG.ELC.ACCS.ZS,,,,,,,,,,,,,,,,,,,,,,,,,,,,,,,,,96.18231201,96.36306,96.54244995,96.71979523,95.9,97.06565094,97.23280334,97.39511108,97.64181519,97.72601318,97.80166626,97.8757782,97.95535278,98.04740906,98.505426,98.692636,98.784355,99.1,99.3,99.17,99.6,99.611808,99.657085,99.70948,99.7,99.8,99.8,99.9,100,100,,
United States,USA,Access to electricity (% of population),EG.ELC.ACCS.ZS,,,,,,,,,,,,,,,,,,,,,,,,,,,,,,,100,100,100,100,100,100,100,100,100,100,100,100,100,100,100,100,100,100,100,100,100,100,100,100,100,100,100,100,100,100,100,100,,
Uzbekistan,UZB,Access to electricity (% of population),EG.ELC.ACCS.ZS,,,,,,,,,,,,,,,,,,,,,,,,,,,,,,,,,,,,,99.6,99.37974548,99.44934845,99.51411438,99.62516022,99.59314728,99.7,99.51049042,99.47386169,99.4496994,99.4900961,99.46073914,99.49389648,99.54044342,99.59654236,99.65834808,99.72201538,99.78372192,99.84039307,99.89208984,99.93637085,99.97210693,99.9921875,99.99899292,100,99.9,,
St. Vincent and the Grenadines,VCT,Access to electricity (% of population),EG.ELC.ACCS.ZS,,,,,,,,,,,,,,,,,,,,,,,,,,,,,,,,66.8,69.11443329,70.46484375,71.81389618,73.16090393,74.50520325,75.84609222,77.1829071,78.51487732,79.95532227,82.41,82.4462204,83.68585968,84.93096161,86.1885376,87.46536255,88.79,90.07793427,91.40621185,92.74404144,94.08757782,95.43299103,96.77642822,98.11483765,99.44826508,99.74424744,99.96551514,100,100,100,100,,
"Venezuela, RB",VEN,Access to electricity (% of population),EG.ELC.ACCS.ZS,,,,,,,,,,,,,,,,,,,,,,,,,,,,,,,,,97.820203,98.23953247,98.32333374,99,98.48413086,98.7,98.4,98.9,98.9,99.9,99.8,95.7,99.1,98.77675629,99.3,98.85237122,98.91781616,98.99665833,99.08504486,98.84,99.27510071,99.36909485,100,100,99.4,99.2,99.87819672,99.84477997,99.9163208,99.98771667,,
British Virgin Islands,VGB,Access to electricity (% of population),EG.ELC.ACCS.ZS,,,,,,,,,,,,,,,,,,,,,,,,,,,,,,,94.60655975,94.82473755,95.0428009,95.26019287,95.47621918,95.69020081,95.901474,96.10933685,96.31312561,96.51207733,97.14576721,97.24842072,97.3425293,97.43509674,97.53312683,97.64363098,97.77339935,97.92399597,98.09181976,98.27303314,98.3,98.66026306,98.85860443,99.05497742,99.246315,100,100,100,100,100,100,100,,
Virgin Islands (U.S.),VIR,Access to electricity (% of population),EG.ELC.ACCS.ZS,,,,,,,,,,,,,,,,,,,,,,,,,,,,,,,100,100,100,100,100,100,100,100,100,100,100,100,100,100,100,100,100,100,100,100,100,100,100,100,100,100,100,100,100,100,100,100,,
Viet Nam,VNM,Access to electricity (% of population),EG.ELC.ACCS.ZS,,,,,,,,,,,,,,,,,,,,,,,,,,,,,,,,,,,,,,78.4,86.17598724,86.99443817,88.23509979,88.91989899,89.1,90.27086639,90.95104218,96.1,96,93.08835602,93.83833313,96.1,97.43,99,97.89,98.52826691,99.2,99.25421143,99.2,100,100,99.4,99.8,100,,
Vanuatu,VUT,Access to electricity (% of population),EG.ELC.ACCS.ZS,,,,,,,,,,,,,,,,,,,,,,,,,,,,,,,,,,,18,12.94164371,14.79236126,16.63967896,18.48291779,19.1,22.18693542,23.95693779,25.71839523,27.47831154,29.24369621,31.02155304,26.44,33.62462006,36.47179413,33.29111519,44.1,42.04228973,43.90798187,31.7,49.11512375,52.2605629,57.82,62.8,61.59899139,64.50218201,67.29905701,70.04277039,,
World,WLD,Access to electricity (% of population),EG.ELC.ACCS.ZS,,,,,,,,,,,,,,,,,,,,,,,,,,,,,,,,,,,,,,,73.35025033,74.65785354,78.36437581,78.8454376,79.23032594,80.093097,80.06355525,80.83594887,81.46886437,82.09499719,82.78812577,82.98350692,83.56590691,84.62444758,85.05866078,85.8165221,86.30522223,87.02273081,88.18963049,89.01696149,89.89187221,90.19356224,90.48270308,91.41409564,,
Samoa,WSM,Access to electricity (% of population),EG.ELC.ACCS.ZS,,,,,,,,,,,,,,,,,,,,,,,,,,,,,,,,78.8,81.64016724,82.42459106,80,83.98869324,84.76699829,85.54190826,86.31274414,87.07872772,88.02740479,88.65280151,89.26964569,89.88495636,90.50572968,91.13897705,96.37172973,92.46482086,98.1,97.9,96.41120148,96.6685747,96.77867126,97.00299072,97.9,98.15542603,98.86038208,96.8,99.8192749,99.2,100,98.3,,
Kosovo,XKX,Access to electricity (% of population),EG.ELC.ACCS.ZS,,,,,,,,,,,,,,,,,,,,,,,,,,,,,,,100,100,100,100,100,100,100,100,100,100,,,,,,,,,,,,,,,,,,,,,,,,
"Yemen, Rep.",YEM,Access to electricity (% of population),EG.ELC.ACCS.ZS,,,,,,,,,,,,,,,,,,,,,,,,,,,,,,,,,44.1,40.77471542,41.98513412,43.19351196,44.39916992,42.6,46.79961014,47.99294662,49.23923111,50.36432266,51.48086929,52.59587479,49.59,54.84929276,55.80033463,57.17453384,58.3647995,59.56845093,60.78165436,62.00056076,52.41,75.6,66.1,67.41488647,68.85586548,79.2,62,72.77657318,73.85346222,74.87719727,,
South Africa,ZAF,Access to electricity (% of population),EG.ELC.ACCS.ZS,,,,,,,,,,,,,,,,,,,,,,,,,,,,,,,,,,,,,57.6,69.48335266,64.9,71.33178711,72.39502716,70.2,76.7,78.8,80.6,80.8,80.7,82,81.9,82.6,82.8,83.6,85.2,85.2,85.9,85.3,83.9,84.4,84.7,85,90,89.3,,
Zambia,ZMB,Access to electricity (% of population),EG.ELC.ACCS.ZS,,,,,,,,,,,,,,,,,,,,,,,,,,,,,,,13.9,12.75270271,19.2,14.21320724,14.94175911,15.66827202,17.3,17.11245918,19,18.54024506,16.7,20.2082119,17.4,18.5,20.3,23.28273582,24.08232689,18.5,25.74040985,26.59145164,22,28.31833839,29.18650436,30.05270195,27.9,31.1,35.37722015,40.3,40.2293396,43,44.60406876,46.68511581,,
Zimbabwe,ZWE,Access to electricity (% of population),EG.ELC.ACCS.ZS,,,,,,,,,,,,,,,,,,,,,,,,,,,,,,,,,28.2,31.16366768,28.1,31.94857979,32.33729553,32.72261047,33.1038475,38.4,33.67893219,34.17050934,34.2,35.13502884,35.6219902,36.12142181,37.2,37.17963409,37.73638535,43.36908187,38.88620758,36.9,44,40.64416122,32.3,33.7,42.46558762,43.97906494,45.40028763,46.68209457,52.7476675,48.97992706,,
